filename, grass, marshy, rocky, sandy
sandy_terrain-335-_jpg.rf.fa1847b832030d3481861956ef25ff5f.jpg, 0, 0, 0, 1
Marshy_Terrain-55-_jpg.rf.fac710a13e7d36a3dad3e302fc9c98c5.jpg, 0, 1, 0, 0
Marshy_Terrain-81-_jpg.rf.fbd1b117a729adae77d0607d3971b5fd.jpg, 0, 1, 0, 0
Marshy_Terrain-258-_jpg.rf.fc136ad011cb4df56400d87d9b64f173.jpg, 0, 1, 0, 0
Marshy_Terrain-381-_jpg.rf.f9f00b6058c40773ecb21cd3f33c5562.jpg, 0, 1, 0, 0
s-294-_jpg.rf.fa674c001354e99a15a1e19a3033c548.jpg, 0, 0, 1, 0
Grassy_Terrain-285-_jpg.rf.f9d3f3044ba781e1be02fd055a8f9fa1.jpg, 1, 0, 0, 0
sandy_terrain-198-_jpg.rf.fbcde77eb03939b1217e3d758cf466d5.jpg, 0, 0, 0, 1
sandy_terrain-299-_jpg.rf.fc078c82434c9e331f12c24f337543f7.jpg, 0, 0, 0, 1
Grassy_Terrain-187-_jpg.rf.fb22043e247b2a9dd446b9e2ad4d243a.jpg, 1, 0, 0, 0
sandy_terrain-254-_jpg.rf.fb9817a6e3d0a50c8a0b8ef3a6680daf.jpg, 0, 0, 0, 1
sandy_terrain-338-_jpg.rf.fd397fc59df4ddb04fe7d1bed066152d.jpg, 0, 0, 0, 1
sandy_terrain-173-_jpg.rf.fa4bc87564778a1669923015bc760549.jpg, 0, 0, 0, 1
Grassy_Terrain-219-_jpg.rf.fafe3fe256e7d1a348c7251a33769168.jpg, 1, 0, 0, 0
s-372-_jpg.rf.fbf92119f076b144e0944454f0631548.jpg, 0, 0, 1, 0
Grassy_Terrain-311-_jpg.rf.fd5270b0024265cb336aea6de021f7f2.jpg, 1, 0, 0, 0
sandy_terrain-252-_jpg.rf.fd52a7ad8e377fe273799c88d3f790b9.jpg, 0, 0, 0, 1
Marshy_Terrain-263-_jpg.rf.fd582387237696dd34ba1c6872df40e8.jpg, 0, 1, 0, 0
Marshy_Terrain-11-_jpg.rf.fce2e517aa7f04fb9113894bda3226a4.jpg, 0, 1, 0, 0
sandy_terrain-38-_jpg.rf.fe7f7d6a54da699efccbf948fd258d22.jpg, 0, 0, 0, 1
Marshy_Terrain-187-_jpg.rf.fe2bb182c165a85cf0c339a37140ca4a.jpg, 0, 1, 0, 0
Marshy_Terrain-37-_jpg.rf.fdfb978b501064adeb13af3c26164681.jpg, 0, 1, 0, 0
Marshy_Terrain-235-_jpg.rf.fe5e6f594392851064eaea65b80261df.jpg, 0, 1, 0, 0
sandy_terrain-36-_jpg.rf.fd8cf19fbab279013dedc8feec95b00f.jpg, 0, 0, 0, 1
Marshy_Terrain-185-_jpg.rf.fdc93f3f5b057a291dd647ced494e3d0.jpg, 0, 1, 0, 0
Marshy_Terrain-255-_jpg.rf.ffd2fb3e66100cffea4058393d4de6a3.jpg, 0, 1, 0, 0
sandy_terrain-176-_jpg.rf.ff8d11febd99bb2ab6d57883f9287998.jpg, 0, 0, 0, 1
sandy_terrain-23-_jpg.rf.ff3b3c8a3cbaf0169b188884574401b2.jpg, 0, 0, 0, 1
Grassy_Terrain-145-_jpg.rf.ff191a54cdc8615fa59ee4dbc3220685.jpg, 1, 0, 0, 0
Grassy_Terrain-249-_jpg.rf.ff09b46bbfa8911ff0c9650b0987a709.jpg, 1, 0, 0, 0
sandy_terrain-355-_jpg.rf.fe9c70985ff6644d0fa2194cadada119.jpg, 0, 0, 0, 1
Grassy_Terrain-25-_jpg.rf.ff023dfd63fcd96752c5a1a64f3ffe14.jpg, 1, 0, 0, 0
Marshy_Terrain-303-_jpg.rf.6272294f68aede001f78a931b844dda4.jpg, 0, 1, 0, 0
Grassy_Terrain-300-_jpg.rf.626f353bb8ef804ebc4c96fb59e4066d.jpg, 1, 0, 0, 0
sandy_terrain-290-_jpg.rf.635456980824d594b61e0e20c12f10d5.jpg, 0, 0, 0, 1
sandy_terrain-174-_jpg.rf.638ec50da352cecdf91cf44caa93f6d5.jpg, 0, 0, 0, 1
Marshy_Terrain-353-_jpg.rf.6307a490d88aa3ab8a53dc0aadcaf46c.jpg, 0, 1, 0, 0
Marshy_Terrain-376-_jpg.rf.61d1a59b49872597d87776b1b17b77dc.jpg, 0, 1, 0, 0
Marshy_Terrain-21-_jpg.rf.635f13c88291d9d60d4fbc82a5415118.jpg, 0, 1, 0, 0
Grassy_Terrain-97-_jpg.rf.6273a17fe616a4df5f5af3a82baaf114.jpg, 1, 0, 0, 0
Grassy_Terrain-340-_jpg.rf.62e145207cc76200a4145757495188bb.jpg, 1, 0, 0, 0
Grassy_Terrain-281-_jpg.rf.63bbd4a623da7010e9ff42f7f224c8b6.jpg, 1, 0, 0, 0
Marshy_Terrain-38-_jpg.rf.621cbbf157d452747a2b1e2b588fcfc8.jpg, 0, 1, 0, 0
Marshy_Terrain-305-_jpg.rf.61e06ff6d1d1b830905a3a054b83dc3d.jpg, 0, 1, 0, 0
Grassy_Terrain-230-_jpg.rf.61b2b9cbdf3a43370d0f74c348ae9584.jpg, 1, 0, 0, 0
s-110-_jpg.rf.62614fc06ad4b021024d8224009009d9.jpg, 0, 0, 1, 0
Grassy_Terrain-14-_jpg.rf.61cd92ea2f249d36290309cbeed05a44.jpg, 1, 0, 0, 0
Grassy_Terrain-22-_jpg.rf.652d89b586a19f726fe51271dc698189.jpg, 1, 0, 0, 0
Grassy_Terrain-326-_jpg.rf.62140d6e09cf105655d2ac41df5094ba.jpg, 1, 0, 0, 0
Grassy_Terrain-394-_jpg.rf.63fbbfcf6354c7e8a66279ed5b31ea6c.jpg, 1, 0, 0, 0
sandy_terrain-206-_jpg.rf.652a2919fc0e0a18ec8b7b01c5c14377.jpg, 0, 0, 0, 1
Marshy_Terrain-268-_jpg.rf.65143b924e9283e194ef8e7d2fa50758.jpg, 0, 1, 0, 0
sandy_terrain-127-_jpg.rf.648de1383ca6749165dc0d6be7f05ef6.jpg, 0, 0, 0, 1
sandy_terrain-222-_jpg.rf.6456011056c56b1af3dff3f6ea03d6d9.jpg, 0, 0, 0, 1
sandy_terrain-447-_jpg.rf.63fcfd77075e1947b7686ab430a05862.jpg, 0, 0, 0, 1
Marshy_Terrain-199-_jpg.rf.6485d048670f2dba05113dc085bfb370.jpg, 0, 1, 0, 0
sandy_terrain-175-_jpg.rf.64f6293b3ed9099e3d23de5f31b7c165.jpg, 0, 0, 0, 1
Grassy_Terrain-324-_jpg.rf.668010cb32000910f6b5f1f0b82f3c1d.jpg, 1, 0, 0, 0
Marshy_Terrain-136-_jpg.rf.669b4dc310503802bbb94fd0c93f325a.jpg, 0, 1, 0, 0
sandy_terrain-418-_jpg.rf.6592deaf68ba8caf97a52f8efd9474fc.jpg, 0, 0, 0, 1
Marshy_Terrain-288-_jpg.rf.654098089160ecf1e8f227341b89094d.jpg, 0, 1, 0, 0
Marshy_Terrain-351-_jpg.rf.661ba2f5970223ade76e47b8ba7f903d.jpg, 0, 1, 0, 0
s-285-_jpg.rf.65a38a795fa5da3d1911f51553fb8c85.jpg, 0, 0, 1, 0
Marshy_Terrain-133-_jpg.rf.66d8f63ee30418a66fee2f2635922c22.jpg, 0, 1, 0, 0
sandy_terrain-313-_jpg.rf.66dff60d3d9d4e6bdbf7871dde3d356b.jpg, 0, 0, 0, 1
Grassy_Terrain-66-_jpg.rf.6616b2dae1e5a7c9ba675b411b6bb9e9.jpg, 1, 0, 0, 0
s-211-_jpg.rf.67b9af47dcd1b308912e084a7ead1746.jpg, 0, 0, 1, 0
Marshy_Terrain-157-_jpg.rf.679b7925d7814992ecc082696daef676.jpg, 0, 1, 0, 0
Marshy_Terrain-355-_jpg.rf.682e54829ea222050b05abef4c7bbd91.jpg, 0, 1, 0, 0
sandy_terrain-70-_jpg.rf.66bb4fcafc5e2db2fb93e4824122f9e1.jpg, 0, 0, 0, 1
Marshy_Terrain-108-_jpg.rf.69dced862523e713bd806bcbfa5115d6.jpg, 0, 1, 0, 0
Grassy_Terrain-161-_jpg.rf.655821446beb5ecec8af325bf5062662.jpg, 1, 0, 0, 0
s-310-_jpg.rf.66ad04304b4213764be2bb0dcacb8848.jpg, 0, 0, 1, 0
Grassy_Terrain-88-_jpg.rf.6774275b14fba4329b18bade6c8eabaf.jpg, 1, 0, 0, 0
Grassy_Terrain-36-_jpg.rf.6a2b4e1fae3ecd9a1bd1b2f1face36d9.jpg, 1, 0, 0, 0
Marshy_Terrain-65-_jpg.rf.6889e0f8193f0306e17d4c72bf959a8d.jpg, 0, 1, 0, 0
Marshy_Terrain-224-_jpg.rf.6864ae482927414cf7c9786b97cac9bc.jpg, 0, 1, 0, 0
Grassy_Terrain-93-_jpg.rf.68894bcc2954178f463119a01d3944ae.jpg, 1, 0, 0, 0
Marshy_Terrain-262-_jpg.rf.69814b466061ff16c683ed727ec7adf3.jpg, 0, 1, 0, 0
sandy_terrain-153-_jpg.rf.68ce356e37bc4862415a1b348a7f910e.jpg, 0, 0, 0, 1
sandy_terrain-130-_jpg.rf.66e729395bfb2e1a09db7592e67b9bdc.jpg, 0, 0, 0, 1
Marshy_Terrain-207-_jpg.rf.6a8826beece23a1b441c8db29a751fb9.jpg, 0, 1, 0, 0
Marshy_Terrain-254-_jpg.rf.6b385095c2400d4dc23c0c97cb59e556.jpg, 0, 1, 0, 0
sandy_terrain-101-_jpg.rf.6c103755b28e14e4127b37e4bf96a24a.jpg, 0, 0, 0, 1
Marshy_Terrain-238-_jpg.rf.6acc8a88ecfa29958232b44394d1fb74.jpg, 0, 1, 0, 0
sandy_terrain-188-_jpg.rf.6ab92c621b5a280a690dcfe2243b43d9.jpg, 0, 0, 0, 1
Grassy_Terrain-282-_jpg.rf.6b66d91709665e5097b0ae190035ad31.jpg, 1, 0, 0, 0
Grassy_Terrain-357-_jpg.rf.6c6ddd76359673befa0602b5c9ae5a49.jpg, 1, 0, 0, 0
sandy_terrain-197-_jpg.rf.6b64be474d13c4d9ef07fe90b01f7c54.jpg, 0, 0, 0, 1
Marshy_Terrain-19-_jpg.rf.6cc628a115c76d3383d7434de97aaaf5.jpg, 0, 1, 0, 0
Grassy_Terrain-207-_jpg.rf.6c467ff78760fe20eed5d4a8568f3e9c.jpg, 1, 0, 0, 0
sandy_terrain-105-_jpg.rf.6c5b8aea4503fe3749887d27db568383.jpg, 0, 0, 0, 1
sandy_terrain-138-_jpg.rf.6c214e5b0836fc791de52f48bf6a2bac.jpg, 0, 0, 0, 1
Grassy_Terrain-55-_jpg.rf.6c9d02a882524b8802d13857da993869.jpg, 1, 0, 0, 0
sandy_terrain-420-_jpg.rf.6cd9019dff292c843694611306159bdd.jpg, 0, 0, 0, 1
Marshy_Terrain-24-_jpg.rf.6f56246028172ee34db3ae02aeff2f2d.jpg, 0, 1, 0, 0
Marshy_Terrain-20-_jpg.rf.6f75412ef2c5650f5dd3ad1a5d6d7682.jpg, 0, 1, 0, 0
s-139-_jpg.rf.6e746b51de12b1cab79fcd9daaadbd5d.jpg, 0, 0, 1, 0
sandy_terrain-116-_jpg.rf.6ed21f369e6fe6fceae5e796a9d712b8.jpg, 0, 0, 0, 1
Marshy_Terrain-44-_jpg.rf.6e3923468e17ab3026b9d93110d544d9.jpg, 0, 1, 0, 0
s-219-_jpg.rf.6deaef4e05479e99fdafa4f4cebfa1ea.jpg, 0, 0, 1, 0
Marshy_Terrain-132-_jpg.rf.6e107a1109ad7f371b0beb8beed42fdc.jpg, 0, 1, 0, 0
Grassy_Terrain-322-_jpg.rf.6f8125746ee62ac891949a808530ccc4.jpg, 1, 0, 0, 0
sandy_terrain-98-_jpg.rf.6a9b024d325d67d7ff979822283dc6ec.jpg, 0, 0, 0, 1
Grassy_Terrain-307-_jpg.rf.6ebc015d37105126ea3c44a249fb758e.jpg, 1, 0, 0, 0
Marshy_Terrain-209-_jpg.rf.6f467a4f4e9e1f10e8c41d320a5ea176.jpg, 0, 1, 0, 0
Marshy_Terrain-4-_jpg.rf.6ef886d95af0f388350ffcd7528db5fe.jpg, 0, 1, 0, 0
s-107-_jpg.rf.6f9c520b9be474cd978ed4a0b41f65bd.jpg, 0, 0, 1, 0
sandy_terrain-348-_jpg.rf.6fe7dd7bdf08603e5ded2fa4ad64ab75.jpg, 0, 0, 0, 1
Marshy_Terrain-275-_jpg.rf.701c777be1fedcfa347f26a5772d85e6.jpg, 0, 1, 0, 0
Grassy_Terrain-345-_jpg.rf.7021d3740db937bf3206eb68fa814c0a.jpg, 1, 0, 0, 0
Marshy_Terrain-341-_jpg.rf.70fa46edb78144466511e75bbf40fe29.jpg, 0, 1, 0, 0
Grassy_Terrain-10-_jpg.rf.709a371d392c841f85d9742f0717d286.jpg, 1, 0, 0, 0
s-230-_jpg.rf.70827b391e0079d272a537cfb0060ca8.jpg, 0, 0, 1, 0
Grassy_Terrain-37-_jpg.rf.71017ec055ae55c6ae82ace3632a6cfe.jpg, 1, 0, 0, 0
Marshy_Terrain-106-_jpg.rf.70aa19b909bc55a063d7b0daa379b850.jpg, 0, 1, 0, 0
s-233-_jpg.rf.723183576f2ead772c3099f7f60113fd.jpg, 0, 0, 1, 0
Marshy_Terrain-35-_jpg.rf.71c5964d45e19afd791cb079263197b6.jpg, 0, 1, 0, 0
sandy_terrain-145-_jpg.rf.724f952480616c7e7ccffc69430465cd.jpg, 0, 0, 0, 1
s-563-_jpg.rf.72d976b0530145e5e734277e98a27756.jpg, 0, 0, 1, 0
s-159-_jpg.rf.71fe51904754aff86b0f20142f62026b.jpg, 0, 0, 1, 0
Marshy_Terrain-250-_jpg.rf.7446d00ab2a573de8842dcea1bfa53d9.jpg, 0, 1, 0, 0
Marshy_Terrain-283-_jpg.rf.71051150318e8b0d4803684113a7d4c2.jpg, 0, 1, 0, 0
Grassy_Terrain-260-_jpg.rf.718546d02ad6c54bb36f7b643bd72b13.jpg, 1, 0, 0, 0
Grassy_Terrain-329-_jpg.rf.71a831355a7712047e4b78ddc7d1baad.jpg, 1, 0, 0, 0
sandy_terrain-103-_jpg.rf.71bbba8cadb5e8187ce791fad4daee01.jpg, 0, 0, 0, 1
Marshy_Terrain-163-_jpg.rf.72751b6e40b33fadbcb46185d11148c2.jpg, 0, 1, 0, 0
sandy_terrain-288-_jpg.rf.71949f8ce5b38b7f18234a7785b3d123.jpg, 0, 0, 0, 1
Grassy_Terrain-148-_jpg.rf.743bde285a0236ae41e1d7302b65f6da.jpg, 1, 0, 0, 0
s-339-_jpg.rf.73b1e1b5a459fcb7a127a8b6ea971b8e.jpg, 0, 0, 1, 0
Marshy_Terrain-338-_jpg.rf.737f2c66fb282f4436dd14c09789753d.jpg, 0, 1, 0, 0
s-147-_jpg.rf.739f6d766bdc2173ac548cc82392d753.jpg, 0, 0, 1, 0
Marshy_Terrain-285-_jpg.rf.7419ff543d877e6f36931dbb3c79ae7e.jpg, 0, 1, 0, 0
Grassy_Terrain-20-_jpg.rf.74f3dcf8971a79e317bb890f97b6482f.jpg, 1, 0, 0, 0
Grassy_Terrain-320-_jpg.rf.74a7c42e0006f9c5bc5b8db8ce6c428f.jpg, 1, 0, 0, 0
Marshy_Terrain-354-_jpg.rf.74abf125649320a9f914a6d65b8e99d6.jpg, 0, 1, 0, 0
Grassy_Terrain-334-_jpg.rf.750f9b589a1b3009fb72ca41fe67c01f.jpg, 1, 0, 0, 0
Marshy_Terrain-244-_jpg.rf.75bf51eff5972817671122a2cbba67e3.jpg, 0, 1, 0, 0
sandy_terrain-75-_jpg.rf.75331b242c0cabf4535371f618556b72.jpg, 0, 0, 0, 1
sandy_terrain-155-_jpg.rf.75d74a1613cc1d742d8e0c2ce5c95b82.jpg, 0, 0, 0, 1
s-229-_jpg.rf.790454c88780c04f607708768192c11a.jpg, 0, 0, 1, 0
sandy_terrain-108-_jpg.rf.75dc57ec4b595da5cc5179ce96d303e7.jpg, 0, 0, 0, 1
Marshy_Terrain-147-_jpg.rf.790f6b7acfef5fad72a61045cc02ae72.jpg, 0, 1, 0, 0
Marshy_Terrain-315-_jpg.rf.75b820a5fc6386c0f8ad66c10c126388.jpg, 0, 1, 0, 0
Marshy_Terrain-112-_jpg.rf.75ac4737a46c34f38ec63c494e5bfffc.jpg, 0, 1, 0, 0
s-217-_jpg.rf.77533a2334972aed56b322e910e625ad.jpg, 0, 0, 1, 0
Grassy_Terrain-131-_jpg.rf.77917cc32c9e55c016cf25751dc1b08a.jpg, 1, 0, 0, 0
Marshy_Terrain-314-_jpg.rf.761948a9165296a4251f53b47b66702d.jpg, 0, 1, 0, 0
Grassy_Terrain-242-_jpg.rf.77d61da5cbd62485e72078765290f1f1.jpg, 1, 0, 0, 0
Grassy_Terrain-209-_jpg.rf.75a0697bf85a352c70e4ed710bb51f25.jpg, 1, 0, 0, 0
sandy_terrain-30-_jpg.rf.77c669076632a287b96436371245aeb8.jpg, 0, 0, 0, 1
Grassy_Terrain-194-_jpg.rf.79741818ab11c10eeb9e5d07ebe5aa12.jpg, 1, 0, 0, 0
sandy_terrain-6-_jpg.rf.771eb2975ce48d0162ce05e7b0c592d6.jpg, 0, 0, 0, 1
Grassy_Terrain-263-_jpg.rf.75f6e2c7c30af512ad44954f7fa7ac5f.jpg, 1, 0, 0, 0
Marshy_Terrain-94-_jpg.rf.763ed881fb3a348056817a055d1dc170.jpg, 0, 1, 0, 0
Grassy_Terrain-258-_jpg.rf.79c0e7b15cb688b28e2eab93175f34c6.jpg, 1, 0, 0, 0
Grassy_Terrain-355-_jpg.rf.79321b1bc4f19ced00caa4d6e982dd50.jpg, 1, 0, 0, 0
Grassy_Terrain-77-_jpg.rf.766387c2c74ee2c406e6289ca61a7584.jpg, 1, 0, 0, 0
Grassy_Terrain-149-_jpg.rf.79430317415f69ee5d2be9b877d0da5b.jpg, 1, 0, 0, 0
Grassy_Terrain-65-_jpg.rf.79462e5487fcef1758fbd5891ac6d862.jpg, 1, 0, 0, 0
Grassy_Terrain-64-_jpg.rf.770a5377e22ab91c27b35185d4cd5c2b.jpg, 1, 0, 0, 0
Marshy_Terrain-346-_jpg.rf.79cee506a760ce7e0033e576d1923204.jpg, 0, 1, 0, 0
Grassy_Terrain-48-_jpg.rf.796c98cc8915a164e0c031d6cc04bf63.jpg, 1, 0, 0, 0
Marshy_Terrain-115-_jpg.rf.7a26022c64ce423315de78b21393760d.jpg, 0, 1, 0, 0
Grassy_Terrain-204-_jpg.rf.79e4cf7f67def492c15138e1eab1e80a.jpg, 1, 0, 0, 0
sandy_terrain-56-_jpg.rf.7a5c9577038ce77777786ff5f40bfe27.jpg, 0, 0, 0, 1
sandy_terrain-88-_jpg.rf.7b08723b56c6a5d9bb6c046fef2f9d69.jpg, 0, 0, 0, 1
s-57-_jpg.rf.7c1065e75992f944432c1a8116e00821.jpg, 0, 0, 1, 0
sandy_terrain-277-_jpg.rf.7a8434bc11e338d3bdee72a9a0a4f685.jpg, 0, 0, 0, 1
Marshy_Terrain-232-_jpg.rf.7bfbe7d95d739ae789a9e09a818e8eb4.jpg, 0, 1, 0, 0
sandy_terrain-286-_jpg.rf.7dcdd0077ce568fd662e0d198a2e8077.jpg, 0, 0, 0, 1
Marshy_Terrain-109-_jpg.rf.7a5258591d12923e7bf9acc17df773f6.jpg, 0, 1, 0, 0
Marshy_Terrain-31-_jpg.rf.7b51a48ecf8440545807c202b6846533.jpg, 0, 1, 0, 0
sandy_terrain-178-_jpg.rf.7dad004f99fbbda2ae14519055dcae00.jpg, 0, 0, 0, 1
Marshy_Terrain-390-_jpg.rf.7d591d5ee68e846162021d33cf137f13.jpg, 0, 1, 0, 0
s-345-_jpg.rf.7bee45cfb06559c3bd0c85d7aa564737.jpg, 0, 0, 1, 0
Grassy_Terrain-216-_jpg.rf.7abea829ec3a69c576805eabd9c9f209.jpg, 1, 0, 0, 0
s-186-_jpg.rf.7d33546cef392a0c01e70b3d76960dca.jpg, 0, 0, 1, 0
Grassy_Terrain-202-_jpg.rf.7c4f23fc2149d1a67cb9148ceb43760e.jpg, 1, 0, 0, 0
Marshy_Terrain-154-_jpg.rf.7f1365817cf00b7939840e33de2cd207.jpg, 0, 1, 0, 0
sandy_terrain-37-_jpg.rf.7ee914d68e5a76d74ab478ee0cf4ee59.jpg, 0, 0, 0, 1
Marshy_Terrain-364-_jpg.rf.7db5625e526f29eb9141c9ee348ddc1a.jpg, 0, 1, 0, 0
Marshy_Terrain-359-_jpg.rf.7b8b4f497ccbf06a4fbd35553d5553ab.jpg, 0, 1, 0, 0
Grassy_Terrain-17-_jpg.rf.7a9f680c39a113f62c258680ac8bd820.jpg, 1, 0, 0, 0
sandy_terrain-269-_jpg.rf.7bd5b2a331505d747ebf48eda8dcc428.jpg, 0, 0, 0, 1
Marshy_Terrain-116-_jpg.rf.7f3309437624e7a2c9b473dca7578bb6.jpg, 0, 1, 0, 0
Marshy_Terrain-384-_jpg.rf.7aec8484c669ee79912c0e10a1a4d2ed.jpg, 0, 1, 0, 0
Grassy_Terrain-76-_jpg.rf.7b8f496f3456ccc191fc90ec128eba84.jpg, 1, 0, 0, 0
sandy_terrain-73-_jpg.rf.7fe4a4735271f0e53b0d2e6e0f639519.jpg, 0, 0, 0, 1
Grassy_Terrain-213-_jpg.rf.7b6bc4ab4048869f9201d4a84f251cd3.jpg, 1, 0, 0, 0
Grassy_Terrain-16-_jpg.rf.7dd30aef2c5fad6e06df6781be9a4de9.jpg, 1, 0, 0, 0
s-281-_jpg.rf.8039a3e7ebb306bd8d1697c94e75319a.jpg, 0, 0, 1, 0
Grassy_Terrain-393-_jpg.rf.804a79ea82091e8fa0f7e266b698895d.jpg, 1, 0, 0, 0
Marshy_Terrain-39-_jpg.rf.7ff9bfb663134152db68ceabe1cb2fd7.jpg, 0, 1, 0, 0
s-178-_jpg.rf.808a32a72c8cf96e5d62bcbb9700f711.jpg, 0, 0, 1, 0
Grassy_Terrain-338-_jpg.rf.81c046ad7f4dbf5f0db0b4950b2cdff4.jpg, 1, 0, 0, 0
Grassy_Terrain-191-_jpg.rf.811e336b119823a1dfc3729276e9d6ca.jpg, 1, 0, 0, 0
Marshy_Terrain-178-_jpg.rf.8081615f83bc8163afccb5f8a4bd5d6b.jpg, 0, 1, 0, 0
sandy_terrain-79-_jpg.rf.835370d25f6a634a3e4d43e376aa343f.jpg, 0, 0, 0, 1
sandy_terrain-281-_jpg.rf.83edbe0203807dbbb6e3822838637195.jpg, 0, 0, 0, 1
sandy_terrain-18-_jpg.rf.849eb2a56f81a622deb26fbd881ce7cf.jpg, 0, 0, 0, 1
Grassy_Terrain-205-_jpg.rf.82f015fde71f945adcf1460f70a5eb7a.jpg, 1, 0, 0, 0
Grassy_Terrain-371-_jpg.rf.85e3130e5972bf851b3d342b80e4d39c.jpg, 1, 0, 0, 0
sandy_terrain-77-_jpg.rf.861a773bfcdfe4fcc902d01df9492782.jpg, 0, 0, 0, 1
s-309-_jpg.rf.84a4fee1a8c7d2edd99d4cab25bc6da9.jpg, 0, 0, 1, 0
s-236-_jpg.rf.8545fffbd91479e6c19cb152562bc88d.jpg, 0, 0, 1, 0
s-462-_jpg.rf.8367fa44c57f8133d204016733003693.jpg, 0, 0, 1, 0
s-130-_jpg.rf.821cc2afefe43a552af2c64af06d1682.jpg, 0, 0, 1, 0
Marshy_Terrain-212-_jpg.rf.835d1f65515d2ed9fc488cc4ff4528b9.jpg, 0, 1, 0, 0
Grassy_Terrain-225-_jpg.rf.85fd2672d8a6f43391f84c3335f0214a.jpg, 1, 0, 0, 0
Grassy_Terrain-237-_jpg.rf.83c2f64edb2984f27c6c16a471a46f29.jpg, 1, 0, 0, 0
Grassy_Terrain-197-_jpg.rf.861dad28205c59ecd4e5a170b2bf591b.jpg, 1, 0, 0, 0
Marshy_Terrain-60-_jpg.rf.812bf7fafe4b34dee03ad6911c215cef.jpg, 0, 1, 0, 0
Grassy_Terrain-295-_jpg.rf.85b03c758e9c2ef917948a168062182b.jpg, 1, 0, 0, 0
Grassy_Terrain-91-_jpg.rf.82afef5f8889a23222407eeed69b1d93.jpg, 1, 0, 0, 0
Marshy_Terrain-9-_jpg.rf.815808bc906f68038f96f9f4c9cc6204.jpg, 0, 1, 0, 0
sandy_terrain-300-_jpg.rf.8494255c484085ebcb5101e2a97bd253.jpg, 0, 0, 0, 1
sandy_terrain-196-_jpg.rf.824fe7120e9c11af5e94c801ca25f40a.jpg, 0, 0, 0, 1
Marshy_Terrain-339-_jpg.rf.86df94ea85d0975d78dc79b33c814fd6.jpg, 0, 1, 0, 0
sandy_terrain-267-_jpg.rf.8695472ac17582e36d05c18594c2876c.jpg, 0, 0, 0, 1
Grassy_Terrain-294-_jpg.rf.86c5288edb9aefc0d5161bf886c53064.jpg, 1, 0, 0, 0
Grassy_Terrain-359-_jpg.rf.84d797906b38dd5b8434e92052bd2996.jpg, 1, 0, 0, 0
Grassy_Terrain-6-_jpg.rf.87ab41f8812516f4f6e47982dc2f4bbc.jpg, 1, 0, 0, 0
sandy_terrain-333-_jpg.rf.867c899e9a09b75eb3485c9e2cbd7e4f.jpg, 0, 0, 0, 1
sandy_terrain-291-_jpg.rf.8741bda9ce35fc2ed3ca45d3d3efc03b.jpg, 0, 0, 0, 1
Marshy_Terrain-128-_jpg.rf.882a69e8cc354819d7cc999751af371f.jpg, 0, 1, 0, 0
sandy_terrain-54-_jpg.rf.8803da51bb32e25e352b6e1fc8654f71.jpg, 0, 0, 0, 1
Marshy_Terrain-369-_jpg.rf.8838d77ede82cad17ed44ccf95d68b87.jpg, 0, 1, 0, 0
Grassy_Terrain-172-_jpg.rf.88268fff57c171de052a45232fa57b4b.jpg, 1, 0, 0, 0
Grassy_Terrain-373-_jpg.rf.886a1028fc23922f50a2b678f71dda99.jpg, 1, 0, 0, 0
sandy_terrain-248-_jpg.rf.893acfefab6e770a1c67aba3401cdeae.jpg, 0, 0, 0, 1
sandy_terrain-311-_jpg.rf.87c1df4813407f5f7f0411a68efbf1e2.jpg, 0, 0, 0, 1
Marshy_Terrain-80-_jpg.rf.89679dd2deb845f7cf37b35d05a9b69b.jpg, 0, 1, 0, 0
sandy_terrain-19-_jpg.rf.8b49576074f645f5d56361d0e0915441.jpg, 0, 0, 0, 1
sandy_terrain-74-_jpg.rf.89ee69fe6ea065af477dbbf8345b3bde.jpg, 0, 0, 0, 1
Marshy_Terrain-84-_jpg.rf.8a4e26e9aca67a5da90a009051b9b8eb.jpg, 0, 1, 0, 0
s-315-_jpg.rf.8b9bedba4ea8b01e045dc837bc11df17.jpg, 0, 0, 1, 0
sandy_terrain-444-_jpg.rf.89b04470ffb39e78a7f6660b79f14d2c.jpg, 0, 0, 0, 1
Marshy_Terrain-367-_jpg.rf.8935c11fc6aae9fb3c8f9400cf211d6e.jpg, 0, 1, 0, 0
Marshy_Terrain-256-_jpg.rf.8ad4745ecb03cadead92da4f45b4a128.jpg, 0, 1, 0, 0
Grassy_Terrain-330-_jpg.rf.893c929f1750b19dfff8b501bf2b146f.jpg, 1, 0, 0, 0
Marshy_Terrain-370-_jpg.rf.8bbd84b8215832365e26d95ed4d84294.jpg, 0, 1, 0, 0
Marshy_Terrain-252-_jpg.rf.8b4f45baa2021d542406418f01610202.jpg, 0, 1, 0, 0
sandy_terrain-69-_jpg.rf.8b84d7cb7fa79f3dc5c455ac42dc602c.jpg, 0, 0, 0, 1
Marshy_Terrain-371-_jpg.rf.8bf77128ea8d49cf98cf89e10b33f716.jpg, 0, 1, 0, 0
Marshy_Terrain-62-_jpg.rf.895e3f1ec7d94ca201e65b17efc9a745.jpg, 0, 1, 0, 0
s-189-_jpg.rf.8b52e3aacfa849b4331e89acc22cab99.jpg, 0, 0, 1, 0
sandy_terrain-340-_jpg.rf.8abb2a2422104aee7da3ab3c558d1f77.jpg, 0, 0, 0, 1
Grassy_Terrain-52-_jpg.rf.8c7527f94276a6a998dea920e275324e.jpg, 1, 0, 0, 0
sandy_terrain-180-_jpg.rf.87e44c0850cde0fb3b380dd62d7757ff.jpg, 0, 0, 0, 1
sandy_terrain-93-_jpg.rf.8c77650464113acd4f21a41f61dddf95.jpg, 0, 0, 0, 1
Marshy_Terrain-228-_jpg.rf.8d1a1e2e42c1a0c4a97afe6b5a119e11.jpg, 0, 1, 0, 0
Grassy_Terrain-353-_jpg.rf.8cdfc0aab75c6e3695570524afa3131b.jpg, 1, 0, 0, 0
Grassy_Terrain-42-_jpg.rf.8cb3fa11beb3d0661c928c04a866fc76.jpg, 1, 0, 0, 0
Grassy_Terrain-362-_jpg.rf.8a729cbf40d0b3638ed56f5acd3e9c46.jpg, 1, 0, 0, 0
Marshy_Terrain-77-_jpg.rf.8ae05036f5fa942d22c2c5b222a6bb7f.jpg, 0, 1, 0, 0
sandy_terrain-443-_jpg.rf.8d8ee555614dba0bd68cbc63406c29fe.jpg, 0, 0, 0, 1
Grassy_Terrain-71-_jpg.rf.8d0fb554f13857675b8b17c00f3d2cc6.jpg, 1, 0, 0, 0
Marshy_Terrain-86-_jpg.rf.8e34af1a46617d9146eadcac76dc681f.jpg, 0, 1, 0, 0
Marshy_Terrain-98-_jpg.rf.8e5da94d0a33282d87c3dde79979da9d.jpg, 0, 1, 0, 0
s-568-_jpg.rf.8ea7c98c0e6bdce9a7fbaa4a3c542721.jpg, 0, 0, 1, 0
s-350-_jpg.rf.8ff06c3d7955e09b4e47f581dc3c79c5.jpg, 0, 0, 1, 0
sandy_terrain-344-_jpg.rf.8f4a6eb91b33de3b0b3da13156406e53.jpg, 0, 0, 0, 1
Marshy_Terrain-230-_jpg.rf.8ed69f152fce3c9a91595f57557df048.jpg, 0, 1, 0, 0
Marshy_Terrain-102-_jpg.rf.8e73cb173c754067c27b725f62438879.jpg, 0, 1, 0, 0
Marshy_Terrain-343-_jpg.rf.90b413c688cea79321b5869ed078efa8.jpg, 0, 1, 0, 0
s-103-_jpg.rf.8f575eeaaabda893b2ccd8e9e82df1a4.jpg, 0, 0, 1, 0
sandy_terrain-223-_jpg.rf.9060ffed5310a10e99b977994bd891d4.jpg, 0, 0, 0, 1
Grassy_Terrain-270-_jpg.rf.8f4126dec8730832781ee49ec524ada4.jpg, 1, 0, 0, 0
sandy_terrain-154-_jpg.rf.8fce55b72c3d09a54aa22e1708243d94.jpg, 0, 0, 0, 1
sandy_terrain-129-_jpg.rf.90daf83a3132e5ad52278a167180b2be.jpg, 0, 0, 0, 1
Marshy_Terrain-196-_jpg.rf.91a73df00202737100c0ac48f5c5d043.jpg, 0, 1, 0, 0
Grassy_Terrain-134-_jpg.rf.8e9b4628947545c74ec4c3de773b68a5.jpg, 1, 0, 0, 0
sandy_terrain-182-_jpg.rf.91d8972b8125cfb046bbfa585f33cc23.jpg, 0, 0, 0, 1
Marshy_Terrain-186-_jpg.rf.90d3ae9dd837c96d93d71aa13c949fab.jpg, 0, 1, 0, 0
sandy_terrain-63-_jpg.rf.9019937e309302949324b76743c7ef11.jpg, 0, 0, 0, 1
Grassy_Terrain-239-_jpg.rf.910c60037121083bb2d42fe627641273.jpg, 1, 0, 0, 0
sandy_terrain-51-_jpg.rf.91c08e934ce33d106073ecadd4ffd212.jpg, 0, 0, 0, 1
sandy_terrain-298-_jpg.rf.903145d38ecd8e50e12aea72308c7f2f.jpg, 0, 0, 0, 1
Marshy_Terrain-286-_jpg.rf.8f3a71e40766d13260b55506a6290620.jpg, 0, 1, 0, 0
Grassy_Terrain-147-_jpg.rf.8f091e703546e72ead19b334f1c87a68.jpg, 1, 0, 0, 0
s-291-_jpg.rf.8dc977151701a22e896472aadba49320.jpg, 0, 0, 1, 0
sandy_terrain-141-_jpg.rf.0011270e7ec0b3427c6cb00aeeb5107b.jpg, 0, 0, 0, 1
Grassy_Terrain-84-_jpg.rf.00668c1fbeaff0f8b7ae6af88fd3c7e7.jpg, 1, 0, 0, 0
Grassy_Terrain-135-_jpg.rf.00edc5f179041c5c8b8dde39cfd2b18a.jpg, 1, 0, 0, 0
Grassy_Terrain-346-_jpg.rf.010ec0ec5bfbb99d7c1d71c7ec70361b.jpg, 1, 0, 0, 0
Grassy_Terrain-243-_jpg.rf.015e6c22fe64ffae80f779490fab50b3.jpg, 1, 0, 0, 0
sandy_terrain-2-_jpg.rf.02ceb1d6d334eb9a8f30dddb8678b258.jpg, 0, 0, 0, 1
Marshy_Terrain-197-_jpg.rf.02023a89ec12f35bcd8ef930848b690d.jpg, 0, 1, 0, 0
sandy_terrain-240-_jpg.rf.02954a10986339e94164949a066e5366.jpg, 0, 0, 0, 1
Grassy_Terrain-9-_jpg.rf.020c282a529ec2c8963fa7505b9d80e2.jpg, 1, 0, 0, 0
s-340-_jpg.rf.0282d69a34e4aebbde8bd49c4cd7734b.jpg, 0, 0, 1, 0
Grassy_Terrain-151-_jpg.rf.0285e89985da2065a3a5b2e4927ac2c4.jpg, 1, 0, 0, 0
Marshy_Terrain-130-_jpg.rf.03161bde855f793fccb7ad662b901b70.jpg, 0, 1, 0, 0
Grassy_Terrain-49-_jpg.rf.02fac5f10799e95938e56253dc514f4c.jpg, 1, 0, 0, 0
Grassy_Terrain-321-_jpg.rf.001e014ea4b69221be34e0bef3d5ef3a.jpg, 1, 0, 0, 0
Marshy_Terrain-75-_jpg.rf.02ad42575f2adae90e86e89dfc80e71b.jpg, 0, 1, 0, 0
s-556-_jpg.rf.032f6b6433821154739fe20c9bc17118.jpg, 0, 0, 1, 0
s-168-_jpg.rf.0342c6e22d52bf8aac2053d4e4074766.jpg, 0, 0, 1, 0
Marshy_Terrain-259-_jpg.rf.0377853ff214bef2265ebc3da1bfed4d.jpg, 0, 1, 0, 0
sandy_terrain-125-_jpg.rf.05a4811bdda281d38f509b693d898e93.jpg, 0, 0, 0, 1
s-164-_jpg.rf.049adf490ce19114b48005df659f2ba6.jpg, 0, 0, 1, 0
Grassy_Terrain-389-_jpg.rf.0444a5a1a420e211675cda65ae34a6e0.jpg, 1, 0, 0, 0
Marshy_Terrain-289-_jpg.rf.049e2a15e80ee7051306c4390455a79e.jpg, 0, 1, 0, 0
s-56-_jpg.rf.03788691b3ebc9f95e56de8bdd1667a7.jpg, 0, 0, 1, 0
Marshy_Terrain-278-_jpg.rf.05e8269d8c71862afb854633ccf07c2a.jpg, 0, 1, 0, 0
Grassy_Terrain-74-_jpg.rf.03e1606eb89ab337796c6ba9c4b51d4e.jpg, 1, 0, 0, 0
Grassy_Terrain-262-_jpg.rf.045ba713e6531895d7c9152d3518e89f.jpg, 1, 0, 0, 0
Marshy_Terrain-88-_jpg.rf.04ed63277bedc14686a0da30e08be0a9.jpg, 0, 1, 0, 0
sandy_terrain-434-_jpg.rf.045ad6138768b51fd3199b69501d6a34.jpg, 0, 0, 0, 1
Grassy_Terrain-250-_jpg.rf.055698a4347af4ad79b7e5caa774da9c.jpg, 1, 0, 0, 0
Marshy_Terrain-334-_jpg.rf.05beeb28316812420f694f49c16eadf1.jpg, 0, 1, 0, 0
s-371-_jpg.rf.062d355e9e052048886fdaa73333853c.jpg, 0, 0, 1, 0
Marshy_Terrain-18-_jpg.rf.0655b52e61aed2ed3ba39cc2ab596fdf.jpg, 0, 1, 0, 0
Grassy_Terrain-180-_jpg.rf.04ff2b1608968dfa26eb234a8faeba0d.jpg, 1, 0, 0, 0
Grassy_Terrain-274-_jpg.rf.070e84ec7f6f7e0bcf335de776d9860b.jpg, 1, 0, 0, 0
Marshy_Terrain-13-_jpg.rf.064bcf10fd448bfee07e680b1733df0d.jpg, 0, 1, 0, 0
s-141-_jpg.rf.06fa0f67bd4f536455a11019c1c7faa4.jpg, 0, 0, 1, 0
sandy_terrain-171-_jpg.rf.0643262690cd8848ad3d0ec143dcc3b6.jpg, 0, 0, 0, 1
sandy_terrain-237-_jpg.rf.07116f7118e578e7d1ca3d4c21f3e37c.jpg, 0, 0, 0, 1
sandy_terrain-43-_jpg.rf.07803def97e494736a80f225718782af.jpg, 0, 0, 0, 1
Marshy_Terrain-121-_jpg.rf.07135aa408d2a7d01da7da3d69e0f0f6.jpg, 0, 1, 0, 0
Grassy_Terrain-337-_jpg.rf.094dc601b21a3d949b36c29b20a4aee8.jpg, 1, 0, 0, 0
sandy_terrain-332-_jpg.rf.0856fad3069eb33992a0ba093fd11e4e.jpg, 0, 0, 0, 1
Marshy_Terrain-234-_jpg.rf.083bb53459d15d6afb89c7f42aa82759.jpg, 0, 1, 0, 0
s-125-_jpg.rf.08c00680b0cce61ad6b937d0c68d58d8.jpg, 0, 0, 1, 0
Grassy_Terrain-82-_jpg.rf.08ae55a1d46b3a5255e5588033a240b4.jpg, 1, 0, 0, 0
s-353-_jpg.rf.07e12469a0c880ff36caad0e29666297.jpg, 0, 0, 1, 0
s-144-_jpg.rf.08de8c50aabfd371fd4ac2c270d31189.jpg, 0, 0, 1, 0
s-341-_jpg.rf.08f0af9a545507096fe2585844fffc72.jpg, 0, 0, 1, 0
Grassy_Terrain-83-_jpg.rf.0a07a2143a4de0ebcfa46e9af33bb2bc.jpg, 1, 0, 0, 0
s-135-_jpg.rf.08e68c0e5148c6b2827c2d78fabec6ba.jpg, 0, 0, 1, 0
s-336-_jpg.rf.0a95b196592afd9121689e0912e25bc0.jpg, 0, 0, 1, 0
Grassy_Terrain-5-_jpg.rf.0a4a63725bcbf69de4ba2badedeea048.jpg, 1, 0, 0, 0
s-570-_jpg.rf.0b814c9998f3a104833360490adafd71.jpg, 0, 0, 1, 0
s-115-_jpg.rf.0d12487921bfb646ac2e8b415ace0a07.jpg, 0, 0, 1, 0
sandy_terrain-13-_jpg.rf.0b3fa6c495c1274f6ce16ec110bdc585.jpg, 0, 0, 0, 1
Marshy_Terrain-91-_jpg.rf.0996cd7ddb858eb70a71b385e3635f10.jpg, 0, 1, 0, 0
Marshy_Terrain-293-_jpg.rf.0be8146a831ba85da8b96477835da1a1.jpg, 0, 1, 0, 0
sandy_terrain-352-_jpg.rf.0b859dfad97393fb1f606cc34c676954.jpg, 0, 0, 0, 1
Grassy_Terrain-276-_jpg.rf.0b9173ae14f4f73aef850670080ebad8.jpg, 1, 0, 0, 0
s-554-_jpg.rf.0bb1cdea9547eab0369eac95e0cd2f8a.jpg, 0, 0, 1, 0
s-354-_jpg.rf.0c1b62a778ef2fd13a73bf8081f05039.jpg, 0, 0, 1, 0
sandy_terrain-123-_jpg.rf.0cf3b2bde7e0642e1336c7cd0638fa77.jpg, 0, 0, 0, 1
s-223-_jpg.rf.0d2b343e117d74543263b2f0de11a955.jpg, 0, 0, 1, 0
Grassy_Terrain-94-_jpg.rf.0c222a479d606cb4539a4033d264664a.jpg, 1, 0, 0, 0
sandy_terrain-247-_jpg.rf.0ddb281239b9a80a618aeb6baa5ea04b.jpg, 0, 0, 0, 1
Marshy_Terrain-153-_jpg.rf.0dd842d8599f5728133fec12d7f5e75a.jpg, 0, 1, 0, 0
Marshy_Terrain-26-_jpg.rf.0f051a302501a0cd734ed7cb350a1de1.jpg, 0, 1, 0, 0
sandy_terrain-187-_jpg.rf.0e586f70bf3746d4d8420a6d83c11a84.jpg, 0, 0, 0, 1
s-308-_jpg.rf.0fec59a1067f2005251c63cdb1c0bbf0.jpg, 0, 0, 1, 0
sandy_terrain-90-_jpg.rf.0e6d87247bff3069e0f28714786e42b8.jpg, 0, 0, 0, 1
sandy_terrain-17-_jpg.rf.0ffd9811049343e9a8b565ac21f14b0a.jpg, 0, 0, 0, 1
sandy_terrain-34-_jpg.rf.10118377721cd7b2194d8eb671dcd5c6.jpg, 0, 0, 0, 1
s-163-_jpg.rf.0f22db20ce9ac6ab5221e024034d2039.jpg, 0, 0, 1, 0
Grassy_Terrain-130-_jpg.rf.0f99fbc669c51540ccca56ff1944ace8.jpg, 1, 0, 0, 0
sandy_terrain-310-_jpg.rf.0f972e34fa017e2d3ad24665397dc795.jpg, 0, 0, 0, 1
Grassy_Terrain-182-_jpg.rf.1019b5d0b5d59b275c9c54ba7daf1edb.jpg, 1, 0, 0, 0
s-187-_jpg.rf.0df69ad5d8f6bb0691f200375028cb82.jpg, 0, 0, 1, 0
Marshy_Terrain-36-_jpg.rf.0fb800541495196546f75ce434c0ed0c.jpg, 0, 1, 0, 0
Grassy_Terrain-132-_jpg.rf.10f230de01522da8138790bd3847a998.jpg, 1, 0, 0, 0
Marshy_Terrain-300-_jpg.rf.10175795bd5bece33c1658c7823afa83.jpg, 0, 1, 0, 0
Marshy_Terrain-140-_jpg.rf.10bd0f7370326c5f7e30af6b9c5a5e74.jpg, 0, 1, 0, 0
Marshy_Terrain-114-_jpg.rf.10c373349bdedafa4455b84bc706c6ab.jpg, 0, 1, 0, 0
s-101-_jpg.rf.118f511a565fee9f94e2f2928d25cdb4.jpg, 0, 0, 1, 0
Marshy_Terrain-58-_jpg.rf.0ee16ef2b96e9d9dfaa3aa084c90414c.jpg, 0, 1, 0, 0
Marshy_Terrain-184-_jpg.rf.0f4f774d5644703ed5f2bf5150ded2c5.jpg, 0, 1, 0, 0
sandy_terrain-119-_jpg.rf.0f2a7807e7fb9d8d36f46e4cc7f92f22.jpg, 0, 0, 0, 1
sandy_terrain-12-_jpg.rf.1100d1b3d620c14e2d57c121c8ee775e.jpg, 0, 0, 0, 1
Grassy_Terrain-293-_jpg.rf.0f9b4afa9b486816fd5218ac570fcd5d.jpg, 1, 0, 0, 0
sandy_terrain-328-_jpg.rf.10202b9835cb83b75353cbc634291b9b.jpg, 0, 0, 0, 1
sandy_terrain-360-_jpg.rf.115348c07646fc78ed98581d70bf48cf.jpg, 0, 0, 0, 1
Marshy_Terrain-30-_jpg.rf.0f41e292567646e1dbd73680c7abf98d.jpg, 0, 1, 0, 0
sandy_terrain-268-_jpg.rf.11bd5c85b2d440bace9cd77197233ee2.jpg, 0, 0, 0, 1
Marshy_Terrain-145-_jpg.rf.1196fa1eae80f29c549612e36c992d61.jpg, 0, 1, 0, 0
s-166-_jpg.rf.1309c91c7f5a98463978a78530227284.jpg, 0, 0, 1, 0
sandy_terrain-140-_jpg.rf.135b604c15d600c04063f6fb451eb3bc.jpg, 0, 0, 0, 1
Grassy_Terrain-271-_jpg.rf.11d09fe051623d02593521ef6366a5dd.jpg, 1, 0, 0, 0
s-153-_jpg.rf.11e1d847f0b50dcb1d0da7b96762625a.jpg, 0, 0, 1, 0
Marshy_Terrain-233-_jpg.rf.11d92a1f47755501023116d93f9e54c8.jpg, 0, 1, 0, 0
Grassy_Terrain-95-_jpg.rf.12002ed6f0a6e0c9c69901daf184b277.jpg, 1, 0, 0, 0
Marshy_Terrain-79-_jpg.rf.135ff69d522b74dc9c9c9c0c769737e2.jpg, 0, 1, 0, 0
Grassy_Terrain-162-_jpg.rf.12a28cedd117badeb892022c67ac4ed2.jpg, 1, 0, 0, 0
s-348-_jpg.rf.13857bf51bd4a4848f33a77689b7fc55.jpg, 0, 0, 1, 0
Marshy_Terrain-368-_jpg.rf.159381df95c0acb5b34143bbd78a5ad7.jpg, 0, 1, 0, 0
Marshy_Terrain-67-_jpg.rf.13605a01c5aa4b71d870c712d779a57e.jpg, 0, 1, 0, 0
s-360-_jpg.rf.14e638177d8267090e7ca357410c9e4e.jpg, 0, 0, 1, 0
sandy_terrain-149-_jpg.rf.1210d4eaa0fc1b24fa1aa1b0544369bc.jpg, 0, 0, 0, 1
Marshy_Terrain-90-_jpg.rf.14369c2f7766360cafeb68f20a28a908.jpg, 0, 1, 0, 0
Marshy_Terrain-215-_jpg.rf.12e8be7a4f361d715821a4508c5f9e25.jpg, 0, 1, 0, 0
Marshy_Terrain-189-_jpg.rf.1599780a6cc29f547381a676aecc1246.jpg, 0, 1, 0, 0
s-293-_jpg.rf.15b8e0ca3becb19eda4586d18eaed98c.jpg, 0, 0, 1, 0
Grassy_Terrain-248-_jpg.rf.1608382624f0ebe94c9fd07770e93ba4.jpg, 1, 0, 0, 0
Marshy_Terrain-183-_jpg.rf.1564deb5006beb022faa89311e8386fd.jpg, 0, 1, 0, 0
s-213-_jpg.rf.165866799b948697fbf5d7bd046a1504.jpg, 0, 0, 1, 0
s-302-_jpg.rf.15c975b877c11228ebabb2649f7a0dd4.jpg, 0, 0, 1, 0
Marshy_Terrain-107-_jpg.rf.15021ac0a546627fb9aff28591c38163.jpg, 0, 1, 0, 0
Marshy_Terrain-210-_jpg.rf.1600e19632fcd8a53e0208357079d8fc.jpg, 0, 1, 0, 0
Grassy_Terrain-46-_jpg.rf.1426cfd012afcfd19d02dd499ecd15cd.jpg, 1, 0, 0, 0
sandy_terrain-91-_jpg.rf.123a6408a254c1d1e28f5366d39990b4.jpg, 0, 0, 0, 1
sandy_terrain-309-_jpg.rf.160b238a5289481c3888b38f80f10341.jpg, 0, 0, 0, 1
Marshy_Terrain-265-_jpg.rf.16b2fbaa987b3746b201006dca1064b2.jpg, 0, 1, 0, 0
s-313-_jpg.rf.141eb3dce39467d0ccec8bba3c5cba2b.jpg, 0, 0, 1, 0
sandy_terrain-336-_jpg.rf.11fe8a21f5df89bcd1a59ff79a618e4f.jpg, 0, 0, 0, 1
sandy_terrain-302-_jpg.rf.15dbe9656e49d4cd05bd02fc5f337f6a.jpg, 0, 0, 0, 1
Grassy_Terrain-192-_jpg.rf.178eb71486d606e70cd0f13108f89c82.jpg, 1, 0, 0, 0
s-319-_jpg.rf.1706e4fd9a1ebfef08ce21265a2e564a.jpg, 0, 0, 1, 0
Marshy_Terrain-311-_jpg.rf.16e63f7475fac024c1c3e008fddf35b3.jpg, 0, 1, 0, 0
sandy_terrain-57-_jpg.rf.16d81aba282d63a7b2503f5023c44c67.jpg, 0, 0, 0, 1
Grassy_Terrain-56-_jpg.rf.17293a60cfd7a3026ad4161bf0e22e39.jpg, 1, 0, 0, 0
s-137-_jpg.rf.1794452f2a1f86bae8906a0e5e43b605.jpg, 0, 0, 1, 0
Marshy_Terrain-340-_jpg.rf.184fc636986538dd061a0e3eefe41f24.jpg, 0, 1, 0, 0
sandy_terrain-191-_jpg.rf.185bb45f24abc739057f72674e238f89.jpg, 0, 0, 0, 1
Grassy_Terrain-247-_jpg.rf.18ce38c047af72bc5115c404962bdd79.jpg, 1, 0, 0, 0
Grassy_Terrain-139-_jpg.rf.1764248f087fb4b9e06c9cac9394b461.jpg, 1, 0, 0, 0
Marshy_Terrain-142-_jpg.rf.17b0203bc05bce762783e4ae83f92812.jpg, 0, 1, 0, 0
Grassy_Terrain-170-_jpg.rf.18e19203aab231c70534b6d4a3965faa.jpg, 1, 0, 0, 0
Marshy_Terrain-173-_jpg.rf.192a85f49dff7f094c429114139af94e.jpg, 0, 1, 0, 0
sandy_terrain-64-_jpg.rf.175e1c51d768ed8e51effe3ed092b94b.jpg, 0, 0, 0, 1
Marshy_Terrain-139-_jpg.rf.19b58019969fcca7ea19ecdbad12f483.jpg, 0, 1, 0, 0
sandy_terrain-217-_jpg.rf.18695e58f1d429baa1033e2935f612ea.jpg, 0, 0, 0, 1
Marshy_Terrain-95-_jpg.rf.1a1cfddbdaa24edf755535ebfd24cb0b.jpg, 0, 1, 0, 0
s-122-_jpg.rf.1a04d5daedbfba534d2c545a7c43e61a.jpg, 0, 0, 1, 0
Grassy_Terrain-265-_jpg.rf.192d106d1c5ea7aa69386c78dd0d2e80.jpg, 1, 0, 0, 0
Grassy_Terrain-228-_jpg.rf.1990fdf11f3ab856a49da7eb292feba9.jpg, 1, 0, 0, 0
sandy_terrain-49-_jpg.rf.1a11011a814090b90aa01cbc943bdcba.jpg, 0, 0, 0, 1
sandy_terrain-327-_jpg.rf.1761875b23f8568c177219d28027a8c7.jpg, 0, 0, 0, 1
sandy_terrain-66-_jpg.rf.1a59c2f909c0ddfe785830ca3d3c93c9.jpg, 0, 0, 0, 1
Grassy_Terrain-81-_jpg.rf.16cb077ce0a1c193f49f10b8ab8053d0.jpg, 1, 0, 0, 0
Marshy_Terrain-330-_jpg.rf.1b07ca58705c62e4db8faf9476dcedc3.jpg, 0, 1, 0, 0
Marshy_Terrain-208-_jpg.rf.19449b128d0ed4373024b92fceba6d37.jpg, 0, 1, 0, 0
sandy_terrain-80-_jpg.rf.1a71fd9b2115df91461196d9c5f42162.jpg, 0, 0, 0, 1
Grassy_Terrain-233-_jpg.rf.1c7dfa501ecf1c565ea11c1b01dd4233.jpg, 1, 0, 0, 0
s-54-_jpg.rf.1bb8ceec126b340fd60be20775ffe19a.jpg, 0, 0, 1, 0
s-177-_jpg.rf.1b25aa563b317898a0de24f977915cd3.jpg, 0, 0, 1, 0
Grassy_Terrain-157-_jpg.rf.1c6c8de60108eeb8303f0b990fc3e546.jpg, 1, 0, 0, 0
Grassy_Terrain-268-_jpg.rf.1bda4d44919e317460973d3f3c0285e0.jpg, 1, 0, 0, 0
sandy_terrain-20-_jpg.rf.1bffa693bb4b9b2ed8b76f11205a6715.jpg, 0, 0, 0, 1
Marshy_Terrain-176-_jpg.rf.1c01250eac5dabb57cf6fcce736fb271.jpg, 0, 1, 0, 0
s-304-_jpg.rf.1d3d67b190889a867771f2260f438fe9.jpg, 0, 0, 1, 0
s-170-_jpg.rf.1c8239c93db22dde84b15a22e593610f.jpg, 0, 0, 1, 0
sandy_terrain-39-_jpg.rf.1bc2c9904951c0e2314992de8bb2230e.jpg, 0, 0, 0, 1
Grassy_Terrain-166-_jpg.rf.1b1615745eeba792225c4955d857d6ea.jpg, 1, 0, 0, 0
s-157-_jpg.rf.1d96b8a1daba66961cf6a920fe4e1132.jpg, 0, 0, 1, 0
s-221-_jpg.rf.1e2fc700e3b52e3956001fa81d1aa38d.jpg, 0, 0, 1, 0
sandy_terrain-221-_jpg.rf.1d735f8f8301efcd79d51126bd11ad4a.jpg, 0, 0, 0, 1
Grassy_Terrain-89-_jpg.rf.1de16e319e3be8fc71fb060c7ac36c2d.jpg, 1, 0, 0, 0
sandy_terrain-135-_jpg.rf.1e5d29a2eab1d23f7e404ad664805409.jpg, 0, 0, 0, 1
s-559-_jpg.rf.1e93e24e64b561f587817d7fdd60fdf1.jpg, 0, 0, 1, 0
Marshy_Terrain-182-_jpg.rf.1dc19d259c1491e969e34baa11e7f51d.jpg, 0, 1, 0, 0
Marshy_Terrain-299-_jpg.rf.1f251ffef6458ce9e0aefd1c0156128e.jpg, 0, 1, 0, 0
sandy_terrain-262-_jpg.rf.1eeede705b91d45ca143cf23e32b7a94.jpg, 0, 0, 0, 1
Marshy_Terrain-179-_jpg.rf.1ceb48c5150e99ff675f078b79b08078.jpg, 0, 1, 0, 0
Grassy_Terrain-264-_jpg.rf.1e51a9b6982327724d90a51c9f4aad6f.jpg, 1, 0, 0, 0
Marshy_Terrain-298-_jpg.rf.1e551726b9521455bb1e273e2620d0ce.jpg, 0, 1, 0, 0
Marshy_Terrain-240-_jpg.rf.1e53b15655a2e646aba3ef1c514ee376.jpg, 0, 1, 0, 0
sandy_terrain-308-_jpg.rf.22dff8dd7c48b54212c65d7e348e0c30.jpg, 0, 0, 0, 1
Grassy_Terrain-356-_jpg.rf.1c27784c54a212dbed47019cb62e728a.jpg, 1, 0, 0, 0
s-165-_jpg.rf.1f3e96b979367e0aca92fb3b23156125.jpg, 0, 0, 1, 0
s-299-_jpg.rf.202369aee27290919bdf53290aa6a5a4.jpg, 0, 0, 1, 0
Grassy_Terrain-361-_jpg.rf.1fe35e8e953def6f28f0e3a3888fd483.jpg, 1, 0, 0, 0
Marshy_Terrain-158-_jpg.rf.2277c3248b57ec217bf16e5f11aa56b4.jpg, 0, 1, 0, 0
Grassy_Terrain-280-_jpg.rf.22325d0b88960b16fe15bf78997587d9.jpg, 1, 0, 0, 0
Grassy_Terrain-351-_jpg.rf.228f559257eba3e190611d5a3aae94c9.jpg, 1, 0, 0, 0
s-151-_jpg.rf.218b9cf1cbbd5d0863be0dd80ee734c4.jpg, 0, 0, 1, 0
Marshy_Terrain-281-_jpg.rf.23821ceab572ac63376c4cdbcc216a28.jpg, 0, 1, 0, 0
Marshy_Terrain-198-_jpg.rf.22e20fc6c165306a8ff55b8b7feba74c.jpg, 0, 1, 0, 0
Grassy_Terrain-171-_jpg.rf.20e3997f6d3b88c42ee30a1d1847ab66.jpg, 1, 0, 0, 0
sandy_terrain-15-_jpg.rf.201f9609ffca4c3041f19965caad09db.jpg, 0, 0, 0, 1
s-145-_jpg.rf.230b57256248735d0c7bcfb7a283229d.jpg, 0, 0, 1, 0
Grassy_Terrain-181-_jpg.rf.1fcc3603b082a390a593b8599148eb3d.jpg, 1, 0, 0, 0
s-338-_jpg.rf.2262ff13d2cb08243e30b92fe1da2cdd.jpg, 0, 0, 1, 0
sandy_terrain-33-_jpg.rf.21e0617223c2b89825b9a5b8b6ff414b.jpg, 0, 0, 0, 1
Marshy_Terrain-307-_jpg.rf.22f37d6bdb655313ebdab8e3a0657257.jpg, 0, 1, 0, 0
sandy_terrain-200-_jpg.rf.22e0f4ed90e9a2c5c6c4f3e3b78fbe05.jpg, 0, 0, 0, 1
Marshy_Terrain-40-_jpg.rf.2206450919d074ab5e438abdd4955939.jpg, 0, 1, 0, 0
sandy_terrain-293-_jpg.rf.22ea6b35aa35f6d71b4b6959e32ba346.jpg, 0, 0, 0, 1
sandy_terrain-165-_jpg.rf.21e1a5fdf747f44bf62844609f8df92d.jpg, 0, 0, 0, 1
s-455-_jpg.rf.23da5e9795a13f55e9c97cd03faeaf26.jpg, 0, 0, 1, 0
Marshy_Terrain-137-_jpg.rf.23c95d52008fa1a976b3016fb222cb93.jpg, 0, 1, 0, 0
Grassy_Terrain-256-_jpg.rf.2433abef560ab054f31e390d7b84eedc.jpg, 1, 0, 0, 0
Marshy_Terrain-295-_jpg.rf.2461e333fb1f9f0438e0fbcfce2ef697.jpg, 0, 1, 0, 0
Grassy_Terrain-155-_jpg.rf.23bf91d1173a05a3cf0c129e551817ff.jpg, 1, 0, 0, 0
Marshy_Terrain-276-_jpg.rf.24bde8981135e0ecf7c2dfb79e38f901.jpg, 0, 1, 0, 0
sandy_terrain-236-_jpg.rf.244ac740963d380b8d4011544ec1101d.jpg, 0, 0, 0, 1
Marshy_Terrain-103-_jpg.rf.21212a68c696d5f4afa393f7a6161711.jpg, 0, 1, 0, 0
Marshy_Terrain-32-_jpg.rf.221b871af260610c7e21b8eaed2d656d.jpg, 0, 1, 0, 0
sandy_terrain-166-_jpg.rf.24c54699489e8267dcec261a917b6b13.jpg, 0, 0, 0, 1
sandy_terrain-42-_jpg.rf.25ad3903ba72c41991d2fc0484c1722b.jpg, 0, 0, 0, 1
Marshy_Terrain-93-_jpg.rf.25d54beac9c10e19cc222e98c947f86f.jpg, 0, 1, 0, 0
Marshy_Terrain-229-_jpg.rf.26ba92d19b651c770d23aca3c44d46ef.jpg, 0, 1, 0, 0
Marshy_Terrain-358-_jpg.rf.25a08319db24068d4149b394020b61e7.jpg, 0, 1, 0, 0
Marshy_Terrain-261-_jpg.rf.2576f90f5c341623c38514cb1312f1a3.jpg, 0, 1, 0, 0
Marshy_Terrain-302-_jpg.rf.24f04acbaaf0357ac591305110aa6325.jpg, 0, 1, 0, 0
Grassy_Terrain-15-_jpg.rf.2532157d9d15b8991f24ee02449e0143.jpg, 1, 0, 0, 0
Marshy_Terrain-192-_jpg.rf.27f06938f278c4e87d9ff49e9260d638.jpg, 0, 1, 0, 0
Grassy_Terrain-259-_jpg.rf.25e3b63251268c2d490a12556b8795ee.jpg, 1, 0, 0, 0
Marshy_Terrain-245-_jpg.rf.273657bb468fd1013970e35f44cef041.jpg, 0, 1, 0, 0
s-150-_jpg.rf.28060cad9cd2cd2359fc85aa0c9acf92.jpg, 0, 0, 1, 0
s-59-_jpg.rf.24cd55b516a1de41a089beb79fcef6aa.jpg, 0, 0, 1, 0
Marshy_Terrain-146-_jpg.rf.27eeb7ef2e48fd0ee5d0a6505d786f73.jpg, 0, 1, 0, 0
sandy_terrain-301-_jpg.rf.2809230affb777ed592e804f0360b4c0.jpg, 0, 0, 0, 1
Grassy_Terrain-226-_jpg.rf.28b8415c9319a048f413b9a2e0df66c3.jpg, 1, 0, 0, 0
sandy_terrain-232-_jpg.rf.28e49ce2380fdecd191856bd31299a12.jpg, 0, 0, 0, 1
Marshy_Terrain-29-_jpg.rf.29bd21f213f089bd32d4fdbf54ffd57f.jpg, 0, 1, 0, 0
s-116-_jpg.rf.2973a8f947e7d3d082764bdbe10b8a44.jpg, 0, 0, 1, 0
Grassy_Terrain-178-_jpg.rf.29fa58a5506d05afc96c625daa4cd6d1.jpg, 1, 0, 0, 0
Marshy_Terrain-380-_jpg.rf.29cb141abff105999e093761e4325b9e.jpg, 0, 1, 0, 0
s-134-_jpg.rf.2a100b2f1f8e0f9e07dca6f1b108e7d5.jpg, 0, 0, 1, 0
sandy_terrain-234-_jpg.rf.2b7b4305b622701f703d8c693041ca6d.jpg, 0, 0, 0, 1
Marshy_Terrain-45-_jpg.rf.2a51e3b9ae46b65b842f54a9cff94f54.jpg, 0, 1, 0, 0
Grassy_Terrain-140-_jpg.rf.2a4ff6ff2cfe990d31a56750723ffeb9.jpg, 1, 0, 0, 0
sandy_terrain-272-_jpg.rf.2bfa6f92d497d137bc20577a1758e560.jpg, 0, 0, 0, 1
s-344-_jpg.rf.2be5c4fc1b5d8b314894eb2cf0b52283.jpg, 0, 0, 1, 0
sandy_terrain-11-_jpg.rf.2baccedaf50fd71103da5211c3dfc337.jpg, 0, 0, 0, 1
Marshy_Terrain-172-_jpg.rf.2b266567341ed9dbcc9b4a6122ed1cd1.jpg, 0, 1, 0, 0
Marshy_Terrain-101-_jpg.rf.2bc840d54a93e784c4129f24d5e834ed.jpg, 0, 1, 0, 0
sandy_terrain-26-_jpg.rf.2ca0097f5ea73153ea1b49c90c3c176c.jpg, 0, 0, 0, 1
sandy_terrain-96-_jpg.rf.2add36826cae3a0aa30cbb38dcc42a72.jpg, 0, 0, 0, 1
s-234-_jpg.rf.2a66df47f94b223a1d0b531f807df27d.jpg, 0, 0, 1, 0
Marshy_Terrain-218-_jpg.rf.2cb350eec453a943efa4885562c984df.jpg, 0, 1, 0, 0
s-224-_jpg.rf.2cdb10f7603fbe92cb1d855887d8495b.jpg, 0, 0, 1, 0
Grassy_Terrain-299-_jpg.rf.2bff8dfc47624fe657bcfc4ede7bd954.jpg, 1, 0, 0, 0
sandy_terrain-24-_jpg.rf.2afdd058a5e7c54f24110dcfaae6d8eb.jpg, 0, 0, 0, 1
sandy_terrain-346-_jpg.rf.9230ddb0545800daedf8593d90e7ae2f.jpg, 0, 0, 0, 1
sandy_terrain-257-_jpg.rf.922884abc652eb096d8b87ae3af41b59.jpg, 0, 0, 0, 1
s-149-_jpg.rf.9441adf9aff7541c43d9a276e2345856.jpg, 0, 0, 1, 0
Marshy_Terrain-191-_jpg.rf.923ff5f4f7dcc11f18a782129ae7b9f6.jpg, 0, 1, 0, 0
sandy_terrain-241-_jpg.rf.93c4c9dc17eebe6095fd485c16479a83.jpg, 0, 0, 0, 1
sandy_terrain-136-_jpg.rf.9448d8e5e4fa2b62b300fb15d1e51351.jpg, 0, 0, 0, 1
Grassy_Terrain-208-_jpg.rf.949e51e779c0fbe6ece64a3dda8fd5e0.jpg, 1, 0, 0, 0
Marshy_Terrain-126-_jpg.rf.941b3628da216efcbfe7fe31f76a42bc.jpg, 0, 1, 0, 0
Marshy_Terrain-160-_jpg.rf.93776f4a223545301cc684ee2568c2a0.jpg, 0, 1, 0, 0
s-569-_jpg.rf.9586e24e30e9fff2542313e5b04aa07c.jpg, 0, 0, 1, 0
Marshy_Terrain-50-_jpg.rf.93e829e9e4c45b247506c5b3fa7fda87.jpg, 0, 1, 0, 0
sandy_terrain-324-_jpg.rf.9214fe5c54686a6a0423f19711b1f5cf.jpg, 0, 0, 0, 1
s-102-_jpg.rf.9632c96ef1ca0c93d0b1373fc76f3f4e.jpg, 0, 0, 1, 0
sandy_terrain-225-_jpg.rf.97173729a6e212dc65c262e97016bf94.jpg, 0, 0, 0, 1
Marshy_Terrain-216-_jpg.rf.978a2fb6f16057c048a78ed3722c86f8.jpg, 0, 1, 0, 0
Grassy_Terrain-2-_jpg.rf.972a13281038e8d2a6eb3a2f7a02d72b.jpg, 1, 0, 0, 0
Grassy_Terrain-168-_jpg.rf.92e1683ecd38bc4084f733bd638aa068.jpg, 1, 0, 0, 0
Grassy_Terrain-185-_jpg.rf.9315babd71f4d6f5f13d9bc27f45c7d1.jpg, 1, 0, 0, 0
s-169-_jpg.rf.9280cc6264575658c1daacb54e1d6902.jpg, 0, 0, 1, 0
sandy_terrain-158-_jpg.rf.92b194c617d7f0fdc2cd083a9e8f815b.jpg, 0, 0, 0, 1
Grassy_Terrain-19-_jpg.rf.97aa365d527002a260d338427aebfaf7.jpg, 1, 0, 0, 0
sandy_terrain-131-_jpg.rf.965b49debdc2304c0fc4a079ec6f2690.jpg, 0, 0, 0, 1
Marshy_Terrain-169-_jpg.rf.97656e56e88b95ba5f91d7ebe0a317a7.jpg, 0, 1, 0, 0
s-167-_jpg.rf.9821934e3ab42a5d0fae39eb6c870a3c.jpg, 0, 0, 1, 0
Marshy_Terrain-264-_jpg.rf.98bba5604d04cbabdfb2a00df4e06a4e.jpg, 0, 1, 0, 0
Grassy_Terrain-143-_jpg.rf.989068f1f849907410e50a3928132f20.jpg, 1, 0, 0, 0
s-357-_jpg.rf.92aa4aee9e4718dbedbbec4bcb118878.jpg, 0, 0, 1, 0
sandy_terrain-224-_jpg.rf.98c577805fcf5666dcb95a2d70fba1dc.jpg, 0, 0, 0, 1
Grassy_Terrain-369-_jpg.rf.98e19c17696c8b2f73171d39f72db60c.jpg, 1, 0, 0, 0
sandy_terrain-326-_jpg.rf.99cbb89968b6748368f63e1a41a27b1a.jpg, 0, 0, 0, 1
sandy_terrain-195-_jpg.rf.9a42e1a41cf3e24dcd364fb293307f4e.jpg, 0, 0, 0, 1
Grassy_Terrain-367-_jpg.rf.990f6ffa51c6c79a49edf184bffaca22.jpg, 1, 0, 0, 0
sandy_terrain-207-_jpg.rf.9955338da2f72d76143e1238eb864552.jpg, 0, 0, 0, 1
Marshy_Terrain-362-_jpg.rf.9a1acc62bb4ba0f0d75c597018f139fe.jpg, 0, 1, 0, 0
sandy_terrain-274-_jpg.rf.99f7d57a3c9b53514fc9264ff54c51c5.jpg, 0, 0, 0, 1
s-111-_jpg.rf.9a1459594f3bf489ce7758b7b184538f.jpg, 0, 0, 1, 0
sandy_terrain-279-_jpg.rf.9a71e113fb08e4c3cb7da969edf2c1e1.jpg, 0, 0, 0, 1
Marshy_Terrain-82-_jpg.rf.9a7afb585c91e0564f1225d772f0c57b.jpg, 0, 1, 0, 0
sandy_terrain-435-_jpg.rf.98a9ac88c8e8dd9dcc1fd7a2ac4c2a1d.jpg, 0, 0, 0, 1
sandy_terrain-185-_jpg.rf.9b6c43d4445be759c50c3a8816fb5cea.jpg, 0, 0, 0, 1
Grassy_Terrain-344-_jpg.rf.9bf2c0780b6f4cd8d1c00a3a4d945204.jpg, 1, 0, 0, 0
sandy_terrain-439-_jpg.rf.9bc0d80ad30d2f2a8056d7440250f37a.jpg, 0, 0, 0, 1
Grassy_Terrain-309-_jpg.rf.9b98d92d5becec237ad7212256c89fc1.jpg, 1, 0, 0, 0
Grassy_Terrain-177-_jpg.rf.9ab7860c139f4da2af6b7e9000097a66.jpg, 1, 0, 0, 0
Marshy_Terrain-42-_jpg.rf.9af403e084cc820181e5edbd5a7ff557.jpg, 0, 1, 0, 0
s-331-_jpg.rf.9c53a75afc37047c80c9105cd57b089d.jpg, 0, 0, 1, 0
Marshy_Terrain-331-_jpg.rf.9d346fbe7a4c56cab3007c118db113dd.jpg, 0, 1, 0, 0
sandy_terrain-147-_jpg.rf.9d76d64ec20e4f55d1cb819a2bff8aeb.jpg, 0, 0, 0, 1
sandy_terrain-303-_jpg.rf.9d7ea859b6ffa4f24e0c5732f159a916.jpg, 0, 0, 0, 1
Marshy_Terrain-171-_jpg.rf.9c69291ac9eabae5c2a55c7894a2ae26.jpg, 0, 1, 0, 0
s-337-_jpg.rf.a00bb8debbb1c118d8bd0fbe5045d198.jpg, 0, 0, 1, 0
Marshy_Terrain-7-_jpg.rf.9e1d23924c21f266b66dd26c425ec225.jpg, 0, 1, 0, 0
sandy_terrain-226-_jpg.rf.9c89ab9e0cb4dc53faf93278109614d1.jpg, 0, 0, 0, 1
Grassy_Terrain-328-_jpg.rf.a01497e2a827e3d6437ed4adeddde540.jpg, 1, 0, 0, 0
sandy_terrain-7-_jpg.rf.9e36e79f8722ec56bbde8b021ea7dbba.jpg, 0, 0, 0, 1
sandy_terrain-186-_jpg.rf.9ea87ab210e849e54ad33cc8f49d201d.jpg, 0, 0, 0, 1
sandy_terrain-314-_jpg.rf.9db9caf40b9a6d74094d56e0e77ac7b5.jpg, 0, 0, 0, 1
sandy_terrain-214-_jpg.rf.a000819a89442c922ab97ce93ce6d4d4.jpg, 0, 0, 0, 1
Marshy_Terrain-151-_jpg.rf.9c6a7d809bf74b691ad7c7e4fd280aff.jpg, 0, 1, 0, 0
Marshy_Terrain-155-_jpg.rf.a0101496ea0b2fa9fda5ab818f749463.jpg, 0, 1, 0, 0
Marshy_Terrain-83-_jpg.rf.9e28856d4d1ef8b1401fd18cbc8c0cc4.jpg, 0, 1, 0, 0
Grassy_Terrain-382-_jpg.rf.9f81f280279d2a263f36cf2acc3f5e66.jpg, 1, 0, 0, 0
sandy_terrain-275-_jpg.rf.9ecf7a9d2e50e6bad3bc15953ff1c7f3.jpg, 0, 0, 0, 1
Grassy_Terrain-1-_jpg.rf.9e22d6607c78692f2f6057f2ed1347fe.jpg, 1, 0, 0, 0
Grassy_Terrain-227-_jpg.rf.9dc1880affeec98a50d80e6a19b24437.jpg, 1, 0, 0, 0
sandy_terrain-148-_jpg.rf.a0393d29489674551d70a4d4deb4c1e5.jpg, 0, 0, 0, 1
sandy_terrain-10-_jpg.rf.a00c15688b78fe3c84cd1d448c6ab756.jpg, 0, 0, 0, 1
Marshy_Terrain-190-_jpg.rf.9f4286a841d4ecee3692710862a20956.jpg, 0, 1, 0, 0
Grassy_Terrain-146-_jpg.rf.9e7eaa809c00b02af690318259db5fe8.jpg, 1, 0, 0, 0
Marshy_Terrain-377-_jpg.rf.9c82114241e223d96cb4c502fd621f9c.jpg, 0, 1, 0, 0
Marshy_Terrain-100-_jpg.rf.a04909a7a8100618e8c5935de6f0fd37.jpg, 0, 1, 0, 0
Marshy_Terrain-388-_jpg.rf.a1d374d347f1a22866b1590992c0ae85.jpg, 0, 1, 0, 0
s-123-_jpg.rf.a0596edf223106e3e0d4d4a588b5168e.jpg, 0, 0, 1, 0
sandy_terrain-438-_jpg.rf.a04a526230310f70c5603e7cabb7ff07.jpg, 0, 0, 0, 1
Grassy_Terrain-335-_jpg.rf.a0b38d09308b638c9dbf66f7747cfb22.jpg, 1, 0, 0, 0
Grassy_Terrain-200-_jpg.rf.a1ce72163d3a3ffa1191348f1d6d25a5.jpg, 1, 0, 0, 0
Grassy_Terrain-315-_jpg.rf.a2024ea1d0eee4f8f1707c5985d30a1e.jpg, 1, 0, 0, 0
Grassy_Terrain-366-_jpg.rf.a4fd4511e0e4ae681a11338f9ba48c4d.jpg, 1, 0, 0, 0
Marshy_Terrain-296-_jpg.rf.a340d69edf582cfa576774888c3c7b11.jpg, 0, 1, 0, 0
Grassy_Terrain-325-_jpg.rf.a43bb84ef6e0cc985238b88098147666.jpg, 1, 0, 0, 0
Marshy_Terrain-279-_jpg.rf.a09a52d9a3f4fcbcbe77f29f36d786c9.jpg, 0, 1, 0, 0
Marshy_Terrain-294-_jpg.rf.a07561c665e488429bb23174303e824d.jpg, 0, 1, 0, 0
Marshy_Terrain-242-_jpg.rf.a4c0298c7e3d609028f19bf46e988b9f.jpg, 0, 1, 0, 0
sandy_terrain-213-_jpg.rf.a51d31b9411fb0e793a003bb1cf1a35d.jpg, 0, 0, 0, 1
Grassy_Terrain-159-_jpg.rf.a2cef0f0055a49a425cd6f4cb0e1ab31.jpg, 1, 0, 0, 0
Marshy_Terrain-348-_jpg.rf.a2b9c26d2dbc0d2e11aaf9e45dfab7de.jpg, 0, 1, 0, 0
Marshy_Terrain-122-_jpg.rf.a4309835779270e913f787601a949125.jpg, 0, 1, 0, 0
s-453-_jpg.rf.a5fb2f7dbdd1dc64c5760c09485af026.jpg, 0, 0, 1, 0
Grassy_Terrain-347-_jpg.rf.a3e5a481350df23e77bcf7128421df05.jpg, 1, 0, 0, 0
Grassy_Terrain-255-_jpg.rf.a3aa332bf2eee6436f3dd4e6edf2cc8b.jpg, 1, 0, 0, 0
Grassy_Terrain-352-_jpg.rf.a28d55c81573f63a2132dbc4006e56bc.jpg, 1, 0, 0, 0
sandy_terrain-441-_jpg.rf.a50ef39a98c7fdb5ce4e54dc834d352a.jpg, 0, 0, 0, 1
Marshy_Terrain-156-_jpg.rf.a42a514488e536f093dd6a1642931aac.jpg, 0, 1, 0, 0
Marshy_Terrain-267-_jpg.rf.a502bcff514e181a252baaff7cbd7385.jpg, 0, 1, 0, 0
Grassy_Terrain-349-_jpg.rf.a0f40a30258ede5f4d4b7b6298c9b11d.jpg, 1, 0, 0, 0
sandy_terrain-215-_jpg.rf.a35559e0df02ec67b015ec37f3b90b9e.jpg, 0, 0, 0, 1
Grassy_Terrain-51-_jpg.rf.a698dc80bdfb0896d8b90c38a4666163.jpg, 1, 0, 0, 0
Grassy_Terrain-336-_jpg.rf.a7cc9de62afa8bfea9cb4bd91d07678b.jpg, 1, 0, 0, 0
Grassy_Terrain-257-_jpg.rf.a61bba02d1dc9db69a569f896a18042b.jpg, 1, 0, 0, 0
Grassy_Terrain-98-_jpg.rf.a6f92c930a9bff583d76cc22e4f8ec2c.jpg, 1, 0, 0, 0
Grassy_Terrain-303-_jpg.rf.a82d7dbe13c5929b2fc2f5c7ccb84b81.jpg, 1, 0, 0, 0
s-286-_jpg.rf.a6f433a4aafa2ca8affea0bd32dbdac1.jpg, 0, 0, 1, 0
s-176-_jpg.rf.a95311ef7ab883f6ff8e85281a7ea272.jpg, 0, 0, 1, 0
Grassy_Terrain-174-_jpg.rf.a66fef6e66270894197b7a25a13c48a6.jpg, 1, 0, 0, 0
Grassy_Terrain-86-_jpg.rf.a796086835f39a9d858310f00d99c0f4.jpg, 1, 0, 0, 0
sandy_terrain-278-_jpg.rf.a8e9e1175a0aef673bb2f492530289cd.jpg, 0, 0, 0, 1
sandy_terrain-84-_jpg.rf.a7fb6860176747fddce7a0e97e636f3d.jpg, 0, 0, 0, 1
Grassy_Terrain-137-_jpg.rf.a79e937066c70b658db50c37dee69b63.jpg, 1, 0, 0, 0
s-136-_jpg.rf.a8c281bff194820a82c2824401d61247.jpg, 0, 0, 1, 0
s-333-_jpg.rf.aa1b0348a2335f6bc2bf4de4d37e6374.jpg, 0, 0, 1, 0
s-140-_jpg.rf.a72140881b2da0798d465cf89ad9d233.jpg, 0, 0, 1, 0
Grassy_Terrain-43-_jpg.rf.aaa12a94f6784a151fc126d79c3fb4a0.jpg, 1, 0, 0, 0
s-378-_jpg.rf.a7db7192754eac6c523bb16f611c5313.jpg, 0, 0, 1, 0
sandy_terrain-276-_jpg.rf.a95d07a1334e2ae2acfeaf66bf2cf8be.jpg, 0, 0, 0, 1
sandy_terrain-85-_jpg.rf.aac036da73e6e992067d2091e64b68eb.jpg, 0, 0, 0, 1
s-358-_jpg.rf.a885cd74a44f43801dee6cb5964878ab.jpg, 0, 0, 1, 0
Marshy_Terrain-76-_jpg.rf.a70585d5c2465c5b2b8f233b41aee20c.jpg, 0, 1, 0, 0
Marshy_Terrain-391-_jpg.rf.a6b9df0e03541545ba65b0dcaed069e9.jpg, 0, 1, 0, 0
Marshy_Terrain-110-_jpg.rf.a8910b00ca89300b837831117671f913.jpg, 0, 1, 0, 0
sandy_terrain-4-_jpg.rf.aaa7db6e9a5409b3328ccc3de2f72b5a.jpg, 0, 0, 0, 1
Grassy_Terrain-391-_jpg.rf.aa9e4a1d38722274c99a3a373cbf2e08.jpg, 1, 0, 0, 0
Grassy_Terrain-358-_jpg.rf.a9069fa2bb629d38083cbe6f84ac9a8b.jpg, 1, 0, 0, 0
Grassy_Terrain-68-_jpg.rf.ac5b421c79b4c29e9b51b1932eebf6cc.jpg, 1, 0, 0, 0
sandy_terrain-430-_jpg.rf.ab60546bad2c82f78783ef55818b7d2b.jpg, 0, 0, 0, 1
sandy_terrain-319-_jpg.rf.accf1cc11c48c8f08914f0a7fff93d30.jpg, 0, 0, 0, 1
sandy_terrain-97-_jpg.rf.ac36973a61a36c7c77d499c6b546d5ae.jpg, 0, 0, 0, 1
s-307-_jpg.rf.ad17141a6c3a3338c9e33e04e4f7e267.jpg, 0, 0, 1, 0
Marshy_Terrain-25-_jpg.rf.acc519d01fbe8e4126302257ca9679a2.jpg, 0, 1, 0, 0
s-121-_jpg.rf.aacbac01d650ee9e7c63de465f78831f.jpg, 0, 0, 1, 0
Grassy_Terrain-272-_jpg.rf.aeaf24fb938abda61a298b0b2e92ea6b.jpg, 1, 0, 0, 0
Marshy_Terrain-85-_jpg.rf.aed94a582609435eeaacc3653d487314.jpg, 0, 1, 0, 0
sandy_terrain-255-_jpg.rf.acf6d13806f98dd9d548f5005378cdc3.jpg, 0, 0, 0, 1
Marshy_Terrain-379-_jpg.rf.aaf5dedc93511b567f61d80d3d32cc1f.jpg, 0, 1, 0, 0
sandy_terrain-351-_jpg.rf.ac78c65f689406c6d2269dd09d7f1c35.jpg, 0, 0, 0, 1
Marshy_Terrain-52-_jpg.rf.ad35442451a486e71532f12b63db9f79.jpg, 0, 1, 0, 0
sandy_terrain-189-_jpg.rf.ab12942f25829820a92b91f7914a906e.jpg, 0, 0, 0, 1
Marshy_Terrain-365-_jpg.rf.ade5ad65d22e8cf39bffb009575c6762.jpg, 0, 1, 0, 0
Grassy_Terrain-238-_jpg.rf.ad33048246546ebdc36faabc8a14cc9d.jpg, 1, 0, 0, 0
Marshy_Terrain-1-_jpg.rf.aeb0cb35f695a493a51385bf9779d263.jpg, 0, 1, 0, 0
Marshy_Terrain-219-_jpg.rf.ae7a36e4cd6b17bbd4cb909d08867adb.jpg, 0, 1, 0, 0
s-105-_jpg.rf.ae713f208c290b9eab5d6e6b676df8ce.jpg, 0, 0, 1, 0
sandy_terrain-44-_jpg.rf.ad32946dc70734ab2d0625da653ab16c.jpg, 0, 0, 0, 1
Grassy_Terrain-292-_jpg.rf.ad8d1126d92832808c95e64ac2df7a61.jpg, 1, 0, 0, 0
sandy_terrain-143-_jpg.rf.ad0203c3fe74a6b16cb5ed9501f67c84.jpg, 0, 0, 0, 1
Marshy_Terrain-127-_jpg.rf.af9bb90c89d6a81c02c7e69bd01b7627.jpg, 0, 1, 0, 0
Marshy_Terrain-134-_jpg.rf.add5fab6b4a1ae7cd6316d7bdf1a256d.jpg, 0, 1, 0, 0
Marshy_Terrain-148-_jpg.rf.aef57388d88001d35d36c8709752a634.jpg, 0, 1, 0, 0
s-133-_jpg.rf.af1387ab1313fe0bd5216501aa7d443d.jpg, 0, 0, 1, 0
Marshy_Terrain-270-_jpg.rf.af291f30b58a43dca4baf51b01d06689.jpg, 0, 1, 0, 0
Marshy_Terrain-236-_jpg.rf.ad097db0e8aee293326dc636744c8add.jpg, 0, 1, 0, 0
Grassy_Terrain-154-_jpg.rf.b01d05668d181777fb517236a6b542ec.jpg, 1, 0, 0, 0
Grassy_Terrain-58-_jpg.rf.b522214cb56ccb9b894611412404f95b.jpg, 1, 0, 0, 0
Marshy_Terrain-72-_jpg.rf.b3b4d2a29e4bfd8113335ef1bd116a50.jpg, 0, 1, 0, 0
Grassy_Terrain-372-_jpg.rf.b0860075ca39e555c8018ab65734cae7.jpg, 1, 0, 0, 0
Marshy_Terrain-181-_jpg.rf.b1558977e1190dcb109d874340382af9.jpg, 0, 1, 0, 0
Marshy_Terrain-162-_jpg.rf.b08da33de137487ef25e972dda973fe2.jpg, 0, 1, 0, 0
Grassy_Terrain-29-_jpg.rf.b1dbf266ddac147579e001ea6e22b28d.jpg, 1, 0, 0, 0
sandy_terrain-315-_jpg.rf.b4ae44b5fef58e5722ee9f39735ed204.jpg, 0, 0, 0, 1
sandy_terrain-341-_jpg.rf.b07445f1751eb3e77f9f02d73d784eb6.jpg, 0, 0, 0, 1
sandy_terrain-419-_jpg.rf.b55f9e9faaddc0403cbb26349e62515e.jpg, 0, 0, 0, 1
Marshy_Terrain-12-_jpg.rf.b380fbe5c44a8931edb194ef808c6000.jpg, 0, 1, 0, 0
s-284-_jpg.rf.b456e97ad1b41c0bfa1dce3a989c6007.jpg, 0, 0, 1, 0
Grassy_Terrain-39-_jpg.rf.b40f25d2cea004f12025de75ee18f2c2.jpg, 1, 0, 0, 0
s-347-_jpg.rf.b43150792e9209b372eb0984d2cf8d2f.jpg, 0, 0, 1, 0
sandy_terrain-209-_jpg.rf.b45971d5e07b6bd2d3206a335b9fd2d5.jpg, 0, 0, 0, 1
sandy_terrain-287-_jpg.rf.b31e460754d28ef4502da5b4de6cb4db.jpg, 0, 0, 0, 1
Marshy_Terrain-117-_jpg.rf.b402fe96ea6447f1bbb52e89934e2029.jpg, 0, 1, 0, 0
sandy_terrain-440-_jpg.rf.b22ab3a6e20b5ea37373f37a7c798a8d.jpg, 0, 0, 0, 1
sandy_terrain-144-_jpg.rf.b626ea0f4980e2f61f06366fc1708c0f.jpg, 0, 0, 0, 1
Grassy_Terrain-24-_jpg.rf.b4004e1f6a9ebc909de31f27d4f9970f.jpg, 1, 0, 0, 0
Grassy_Terrain-70-_jpg.rf.b5619eb0de2ff7a92da8b0d9e2e99a3d.jpg, 1, 0, 0, 0
Marshy_Terrain-64-_jpg.rf.b5bfbc4d04316555a61e3e4dae39ed8b.jpg, 0, 1, 0, 0
s-1-_jpg.rf.b3f60221b7c53e89e124d5963798b718.jpg, 0, 0, 1, 0
sandy_terrain-357-_jpg.rf.b2d6baf7f77af1330c04d4772a603679.jpg, 0, 0, 0, 1
Marshy_Terrain-15-_jpg.rf.aefa05f5603e0032f0eb7f03410bfe55.jpg, 0, 1, 0, 0
Marshy_Terrain-217-_jpg.rf.b6b11f602b599cb17d1da486a26b5960.jpg, 0, 1, 0, 0
Grassy_Terrain-57-_jpg.rf.b3afacc5850b0100cf3a1fe4a18eedcb.jpg, 1, 0, 0, 0
s-452-_jpg.rf.b699ab668caf74bb9dc484b7fae2c57b.jpg, 0, 0, 1, 0
sandy_terrain-297-_jpg.rf.b724049558719ae746171cdcbf10a765.jpg, 0, 0, 0, 1
Grassy_Terrain-316-_jpg.rf.b6b469b885344fe477ec5c596b90397c.jpg, 1, 0, 0, 0
s-567-_jpg.rf.b8d962a4d8dd8c307de39fbca570f2fa.jpg, 0, 0, 1, 0
Marshy_Terrain-386-_jpg.rf.b8b041876d7d0d124473a98fb2615338.jpg, 0, 1, 0, 0
Marshy_Terrain-319-_jpg.rf.b9bc0f640fdaa053bec21abbc297c3ec.jpg, 0, 1, 0, 0
Grassy_Terrain-28-_jpg.rf.b9d9f3df61821a9caf0e5326a7433bd3.jpg, 1, 0, 0, 0
Marshy_Terrain-99-_jpg.rf.ba5c962f51100aaa1236c068a586a947.jpg, 0, 1, 0, 0
s-215-_jpg.rf.b9719a9662f0cf88f2bbc748b5614c3d.jpg, 0, 0, 1, 0
Marshy_Terrain-214-_jpg.rf.b7c13ac8c08f63a78c5beb11f61cbdbd.jpg, 0, 1, 0, 0
Marshy_Terrain-175-_jpg.rf.b78d1621be52b5355ce7f7ba5f2ac660.jpg, 0, 1, 0, 0
sandy_terrain-220-_jpg.rf.b9b2996d5c65a19cfa13641ff678e2f4.jpg, 0, 0, 0, 1
sandy_terrain-323-_jpg.rf.b9c032a09b12838b7e0966671818f79e.jpg, 0, 0, 0, 1
sandy_terrain-169-_jpg.rf.b8102f0503ce1eddaf932b77c9234412.jpg, 0, 0, 0, 1
Marshy_Terrain-325-_jpg.rf.b8adc0cf85d4727db7e6b406990a547f.jpg, 0, 1, 0, 0
Grassy_Terrain-253-_jpg.rf.b8887da953ba6b60bcaced99a26154d8.jpg, 1, 0, 0, 0
Grassy_Terrain-35-_jpg.rf.b82443415c7093e16e5691b58363e70e.jpg, 1, 0, 0, 0
Marshy_Terrain-226-_jpg.rf.ba371628e3ead7f377c55df574327d51.jpg, 0, 1, 0, 0
Grassy_Terrain-3-_jpg.rf.ba22fddf5fde45cc2e432c247af4c9f4.jpg, 1, 0, 0, 0
Grassy_Terrain-364-_jpg.rf.ba00227a5c6e1d9db749be6e77079b02.jpg, 1, 0, 0, 0
Marshy_Terrain-168-_jpg.rf.b7914cc5c6bf123a6f5ba7ae0744cdc9.jpg, 0, 1, 0, 0
Marshy_Terrain-361-_jpg.rf.ba7a4e68604cb943cceeaca18a5ec77e.jpg, 0, 1, 0, 0
Grassy_Terrain-385-_jpg.rf.ba6e11d7a42aab3eead0d34ceb2ac821.jpg, 1, 0, 0, 0
Marshy_Terrain-161-_jpg.rf.bac04f83655cbd66a80de752db690713.jpg, 0, 1, 0, 0
Marshy_Terrain-337-_jpg.rf.ba7f6a242bc64af80891fa06dcff1f8f.jpg, 0, 1, 0, 0
s-375-_jpg.rf.ba13e604f6ccaa4b655b08a67a34644d.jpg, 0, 0, 1, 0
Grassy_Terrain-378-_jpg.rf.bae9b302975942cbab5a627f37c69f89.jpg, 1, 0, 0, 0
Marshy_Terrain-378-_jpg.rf.bb1cefbd755bf54bba8439a03f19b3f9.jpg, 0, 1, 0, 0
sandy_terrain-16-_jpg.rf.bb48ff61304f8c0aaa0a143672061b07.jpg, 0, 0, 0, 1
Grassy_Terrain-354-_jpg.rf.bc67aa00d4342fbe2d04119b5b002506.jpg, 1, 0, 0, 0
Grassy_Terrain-211-_jpg.rf.c10553ef211cb2b6f1a3b7797ca8c47b.jpg, 1, 0, 0, 0
Marshy_Terrain-69-_jpg.rf.c260d79bd50614927f786caa9000276a.jpg, 0, 1, 0, 0
Marshy_Terrain-274-_jpg.rf.bdffb928aacd494e2c149662fe4fea87.jpg, 0, 1, 0, 0
Marshy_Terrain-113-_jpg.rf.bc738fc58161d936421bda722259f1ba.jpg, 0, 1, 0, 0
s-112-_jpg.rf.bd48dd7d97015950d3a5206ab4a8d44e.jpg, 0, 0, 1, 0
sandy_terrain-192-_jpg.rf.c04e891060742b11800f679aef85eb3f.jpg, 0, 0, 0, 1
Grassy_Terrain-63-_jpg.rf.c21d045a39aef8ae24c5fafcc5c26e6b.jpg, 1, 0, 0, 0
Marshy_Terrain-266-_jpg.rf.be78d7bf8787ec779049afe202e11f89.jpg, 0, 1, 0, 0
Grassy_Terrain-305-_jpg.rf.bf99395d5a498b611b5e8fe07c5bad8b.jpg, 1, 0, 0, 0
Grassy_Terrain-312-_jpg.rf.c20cff5f6282de5585b683c6c4c3d807.jpg, 1, 0, 0, 0
Marshy_Terrain-166-_jpg.rf.c267ea4b28cdaa4fac538a1ce1634a71.jpg, 0, 1, 0, 0
sandy_terrain-233-_jpg.rf.be5a751b586b7ae0eb38a46bbfb2abfc.jpg, 0, 0, 0, 1
Marshy_Terrain-306-_jpg.rf.c2a3b4b6ff36a2b1d27788fe9e1e3e4a.jpg, 0, 1, 0, 0
sandy_terrain-321-_jpg.rf.bfa9932859158d0126fd73677654511c.jpg, 0, 0, 0, 1
s-51-_jpg.rf.bc7d88104aa7d0918a325d5ff0e3166b.jpg, 0, 0, 1, 0
s-188-_jpg.rf.c0e37fbe2a761e7d9f7cb3d0a54ea24d.jpg, 0, 0, 1, 0
Marshy_Terrain-394-_jpg.rf.bca6e242da688847ddafc9da2d0554ca.jpg, 0, 1, 0, 0
sandy_terrain-168-_jpg.rf.c26d6feb1633b8074ec314738b47cfbf.jpg, 0, 0, 0, 1
sandy_terrain-322-_jpg.rf.c1416639f2c328e82394319a8293dd00.jpg, 0, 0, 0, 1
sandy_terrain-120-_jpg.rf.bda5bfaf43b0b6d44dd44574fd9e8441.jpg, 0, 0, 0, 1
Marshy_Terrain-164-_jpg.rf.c2f05a30fa2fe3b224dcfcdbfb73163c.jpg, 0, 1, 0, 0
Marshy_Terrain-73-_jpg.rf.c29ddabff598db4573940542f444b283.jpg, 0, 1, 0, 0
sandy_terrain-342-_jpg.rf.c2b7370a82e115ac629dfd8d20b37c67.jpg, 0, 0, 0, 1
sandy_terrain-133-_jpg.rf.c2d97f424d79a559eb2cbd0044fb5d4b.jpg, 0, 0, 0, 1
Grassy_Terrain-254-_jpg.rf.c3006aa3dfb130d0cb67423b230f347d.jpg, 1, 0, 0, 0
sandy_terrain-312-_jpg.rf.c43423c161d7946ca808ab7cc54527c7.jpg, 0, 0, 0, 1
Grassy_Terrain-198-_jpg.rf.c4132279a97ac1f7f4dd907bee1a8eb2.jpg, 1, 0, 0, 0
sandy_terrain-163-_jpg.rf.c37ee6567641b5ac3af0b82dfe32ac4c.jpg, 0, 0, 0, 1
Marshy_Terrain-313-_jpg.rf.c53ae1d2fa3d6c3aeb236d6d8369d1bc.jpg, 0, 1, 0, 0
sandy_terrain-106-_jpg.rf.c4baa3d82f282c88488c4f5e35ea3315.jpg, 0, 0, 0, 1
Grassy_Terrain-4-_jpg.rf.c602edd941ff9db759b7f75c7d8157cc.jpg, 1, 0, 0, 0
sandy_terrain-122-_jpg.rf.c561e376906179623e79c6eb67b84bb5.jpg, 0, 0, 0, 1
Marshy_Terrain-123-_jpg.rf.c3a5542ce08ab92bfac0217b5e0277a6.jpg, 0, 1, 0, 0
Marshy_Terrain-375-_jpg.rf.c5bd1e4794e5e58ea61caa185654c876.jpg, 0, 1, 0, 0
s-283-_jpg.rf.c5ed004cc484756e86f0ba9d9a0476c3.jpg, 0, 0, 1, 0
Marshy_Terrain-152-_jpg.rf.c4e2cc08047bca1a41b95b28d60be961.jpg, 0, 1, 0, 0
sandy_terrain-362-_jpg.rf.c71aae3e519395cadb77f8781f509bc6.jpg, 0, 0, 0, 1
s-239-_jpg.rf.c4b34bf2105bb6cd49adce8cabc8009d.jpg, 0, 0, 1, 0
sandy_terrain-218-_jpg.rf.c5bf66c3d65dc18fad030de6ef28aea6.jpg, 0, 0, 0, 1
Marshy_Terrain-241-_jpg.rf.c5ed11317592754c1258fc9d228ab42f.jpg, 0, 1, 0, 0
sandy_terrain-94-_jpg.rf.c5434b59433ed69c306427caabf4cae6.jpg, 0, 0, 0, 1
Grassy_Terrain-386-_jpg.rf.c71e721ff34078ae8df43def24ebe490.jpg, 1, 0, 0, 0
Grassy_Terrain-395-_jpg.rf.c549a0377c1c4a2006c45a412b0db5d5.jpg, 1, 0, 0, 0
Marshy_Terrain-51-_jpg.rf.c8163116dfef8486eac11cebad0ba985.jpg, 0, 1, 0, 0
Marshy_Terrain-231-_jpg.rf.c8216369108577b84890cd1736bb3e7a.jpg, 0, 1, 0, 0
s-238-_jpg.rf.c8f64453ac66d8d053a656d27899d646.jpg, 0, 0, 1, 0
s-231-_jpg.rf.c97870f509fa2d296805daadc9b3c0da.jpg, 0, 0, 1, 0
Grassy_Terrain-223-_jpg.rf.c98dad3f8a497798f0f0aad24216b0f4.jpg, 1, 0, 0, 0
sandy_terrain-156-_jpg.rf.cafc269a8609978a0df3f01be0e88dc0.jpg, 0, 0, 0, 1
s-244-_jpg.rf.cb2b1c5745bf32f49fa65c2c9a395611.jpg, 0, 0, 1, 0
sandy_terrain-442-_jpg.rf.cb9efabe0b2486bb36540b8a013f97d7.jpg, 0, 0, 0, 1
sandy_terrain-235-_jpg.rf.c85f491276ce8e0cf9480e4515b90dee.jpg, 0, 0, 0, 1
s-352-_jpg.rf.c953fd436f4b8e939a9133f8f4613edf.jpg, 0, 0, 1, 0
s-214-_jpg.rf.cbbfd43d06d72015fc74c6c830bfa448.jpg, 0, 0, 1, 0
sandy_terrain-152-_jpg.rf.cba082e609390ea2beed40d10b594b0e.jpg, 0, 0, 0, 1
Marshy_Terrain-342-_jpg.rf.c84d93c1e7e6139da8214bd53a0f096d.jpg, 0, 1, 0, 0
Grassy_Terrain-75-_jpg.rf.cbe8a209411da75c3a4dbada00812dd9.jpg, 1, 0, 0, 0
s-185-_jpg.rf.ca50b16cc89be6cd27a3515b749c2448.jpg, 0, 0, 1, 0
Grassy_Terrain-179-_jpg.rf.cc07b8454a04c7211e73df7088420a7a.jpg, 1, 0, 0, 0
Marshy_Terrain-33-_jpg.rf.c7437f544b7b27680b8ade06424e6549.jpg, 0, 1, 0, 0
sandy_terrain-280-_jpg.rf.c9e31ab140e488a3ff089051e5fdec52.jpg, 0, 0, 0, 1
Marshy_Terrain-324-_jpg.rf.cc087d5bbf5c9d01de107ac45fbdac86.jpg, 0, 1, 0, 0
s-142-_jpg.rf.c732294246c60e379d960a35c9cb6b75.jpg, 0, 0, 1, 0
Grassy_Terrain-360-_jpg.rf.cc87166923680af48951eb845c31b587.jpg, 1, 0, 0, 0
Grassy_Terrain-169-_jpg.rf.cc833e44aa33ca7b60d62f85c7e1cbe1.jpg, 1, 0, 0, 0
Grassy_Terrain-290-_jpg.rf.c80a43a525531390c56559cf66101e70.jpg, 1, 0, 0, 0
Marshy_Terrain-105-_jpg.rf.cc100ec3998aee5a5c14c20657ea805b.jpg, 0, 1, 0, 0
Grassy_Terrain-284-_jpg.rf.cc66924112976307db49b0ab7fd4cb19.jpg, 1, 0, 0, 0
s-351-_jpg.rf.cf86a3393f20811a2207c6321b05e60b.jpg, 0, 0, 1, 0
sandy_terrain-212-_jpg.rf.cd50469dcadc1aea1ca97c9ff792b324.jpg, 0, 0, 0, 1
Grassy_Terrain-308-_jpg.rf.ce71c82f5bfae7774d3005ee91a41de2.jpg, 1, 0, 0, 0
s-216-_jpg.rf.d02fb325a70c9c5941a22a1c6a84bd37.jpg, 0, 0, 1, 0
sandy_terrain-107-_jpg.rf.ce5cbeef94d6648a665e7482b488aabf.jpg, 0, 0, 0, 1
Marshy_Terrain-14-_jpg.rf.d00a25230eb2447e7e41843ab2670496.jpg, 0, 1, 0, 0
s-240-_jpg.rf.cedc0ab6861a07c76228a6bb87abfb2a.jpg, 0, 0, 1, 0
Grassy_Terrain-376-_jpg.rf.cd44cdce2afe631f03866909455c7757.jpg, 1, 0, 0, 0
Grassy_Terrain-156-_jpg.rf.cfa18c6bafeb3116520ea4f9ab4394bd.jpg, 1, 0, 0, 0
sandy_terrain-259-_jpg.rf.d02ebbc9956a1e7e99384d9b85a7dae2.jpg, 0, 0, 0, 1
sandy_terrain-32-_jpg.rf.ce36a7a414dc4d3b5822abc8395e2fab.jpg, 0, 0, 0, 1
Marshy_Terrain-237-_jpg.rf.cfdda14783770b0c43c949113fc58ec1.jpg, 0, 1, 0, 0
Marshy_Terrain-195-_jpg.rf.d02ea0ca068377c6283d54b10526a374.jpg, 0, 1, 0, 0
Grassy_Terrain-27-_jpg.rf.d041d24a1161bd13ad3cecc324f8d363.jpg, 1, 0, 0, 0
Grassy_Terrain-136-_jpg.rf.cdfd28c14ec0b5a03df50c929d0abd06.jpg, 1, 0, 0, 0
sandy_terrain-31-_jpg.rf.d0c69a03e5a2d98bbe6c852875b14b2e.jpg, 0, 0, 0, 1
Grassy_Terrain-164-_jpg.rf.cca27fe741d82c47eefa293fd9dce294.jpg, 1, 0, 0, 0
Marshy_Terrain-389-_jpg.rf.d0a4ddf1a5244470dd48d119caa7270d.jpg, 0, 1, 0, 0
Marshy_Terrain-222-_jpg.rf.d0c433b43ab8e4c8652848881e92a59f.jpg, 0, 1, 0, 0
sandy_terrain-429-_jpg.rf.d0dc0632358594ed94c3d951b5062a2e.jpg, 0, 0, 0, 1
Marshy_Terrain-249-_jpg.rf.d0f0e88926288f6f840fcc2486b085c1.jpg, 0, 1, 0, 0
Marshy_Terrain-92-_jpg.rf.d095b22c1e1a2118f931a486fb7d4d77.jpg, 0, 1, 0, 0
Marshy_Terrain-356-_jpg.rf.d0dd483c9a1fce71b2554d87a5967f9e.jpg, 0, 1, 0, 0
sandy_terrain-45-_jpg.rf.d039c9091e1e14faf91fa2f639f5b0f6.jpg, 0, 0, 0, 1
Marshy_Terrain-282-_jpg.rf.d129ad50a537a952f68e4f21e02499cb.jpg, 0, 1, 0, 0
s-287-_jpg.rf.d198675c7e9fa249739b4519e963872f.jpg, 0, 0, 1, 0
Grassy_Terrain-32-_jpg.rf.d142633926b950dd8bacc0cb4976e132.jpg, 1, 0, 0, 0
Grassy_Terrain-363-_jpg.rf.d16b6ccc9f84c37d956e5c81309c54a4.jpg, 1, 0, 0, 0
sandy_terrain-111-_jpg.rf.d319df85c30c361dc4513e0c2ed5ab09.jpg, 0, 0, 0, 1
Grassy_Terrain-12-_jpg.rf.d407ee220cf25cea0793b255e16132ec.jpg, 1, 0, 0, 0
Grassy_Terrain-275-_jpg.rf.d22226e33d89f9757ca6e42c00b4a244.jpg, 1, 0, 0, 0
Grassy_Terrain-18-_jpg.rf.d3828b87bb14971bfa9ea941ac5698c5.jpg, 1, 0, 0, 0
s-301-_jpg.rf.d417b074849370e709dc206e563ab0e5.jpg, 0, 0, 1, 0
Marshy_Terrain-53-_jpg.rf.d3a973baa4b0ade80c99300a44aa2bbc.jpg, 0, 1, 0, 0
s-373-_jpg.rf.d23dfd54bf66d235eb45878c4de6c15b.jpg, 0, 0, 1, 0
Grassy_Terrain-160-_jpg.rf.d37ecc46cac3dc8142308668de2779c2.jpg, 1, 0, 0, 0
Marshy_Terrain-287-_jpg.rf.d1ed01d7287de6bd606adfdce7bd4286.jpg, 0, 1, 0, 0
Marshy_Terrain-203-_jpg.rf.d31c20958fa1b403799b16f5f26929a1.jpg, 0, 1, 0, 0
s-220-_jpg.rf.d4453a4545141af8ba7e1fa8ed5ce8f5.jpg, 0, 0, 1, 0
Grassy_Terrain-41-_jpg.rf.d2cadc4278469c7f751e113021c2af9d.jpg, 1, 0, 0, 0
sandy_terrain-208-_jpg.rf.d2f02838a62d7644c6ad2a254ddcdc8d.jpg, 0, 0, 0, 1
sandy_terrain-41-_jpg.rf.d437ead7f1e33c79da98049cf138b365.jpg, 0, 0, 0, 1
s-305-_jpg.rf.d4789c66ba6504a2e574956de671928c.jpg, 0, 0, 1, 0
s-317-_jpg.rf.d3f4ba916cf0ae0510377cd38961bc20.jpg, 0, 0, 1, 0
sandy_terrain-201-_jpg.rf.d282014787e9e47f2d11fdf13c7abc8b.jpg, 0, 0, 0, 1
sandy_terrain-427-_jpg.rf.d263a890cdc7e5a77e83786afb5871e3.jpg, 0, 0, 0, 1
Grassy_Terrain-69-_jpg.rf.d2eedd47995f303a5d31d057b8be0689.jpg, 1, 0, 0, 0
sandy_terrain-339-_jpg.rf.d167a0cce76467e7609ae42a9a356709.jpg, 0, 0, 0, 1
Marshy_Terrain-349-_jpg.rf.d40025ba310dffca2787501a94948829.jpg, 0, 1, 0, 0
sandy_terrain-29-_jpg.rf.d4822a21c04c78035d39bcafaf36c5a1.jpg, 0, 0, 0, 1
sandy_terrain-58-_jpg.rf.d499372305ded04e4c738cdcaa204253.jpg, 0, 0, 0, 1
s-456-_jpg.rf.d4e37aae64256e6ac09cb7a48c7609c4.jpg, 0, 0, 1, 0
sandy_terrain-253-_jpg.rf.d86b055bb173947c269917866e25f985.jpg, 0, 0, 0, 1
sandy_terrain-134-_jpg.rf.d51c84586ad60558059fb1f2a3c1e9fb.jpg, 0, 0, 0, 1
Marshy_Terrain-363-_jpg.rf.d51b7ea1fecd4aaea629df8e574f0ebd.jpg, 0, 1, 0, 0
Grassy_Terrain-62-_jpg.rf.d567b7ee077ead037e6405dab1c2ebdd.jpg, 1, 0, 0, 0
Grassy_Terrain-201-_jpg.rf.d53a0b00ffbb5ad87fc9984e52498e2b.jpg, 1, 0, 0, 0
sandy_terrain-157-_jpg.rf.d7a4c2dac48cefdca35981679455bce1.jpg, 0, 0, 0, 1
Grassy_Terrain-87-_jpg.rf.d51de555db116143d5cc53a3631c05fd.jpg, 1, 0, 0, 0
sandy_terrain-117-_jpg.rf.d66f09004d374222b6fcfab5d36c329e.jpg, 0, 0, 0, 1
Marshy_Terrain-135-_jpg.rf.d54b023e87b8331a63330c69674b1c7f.jpg, 0, 1, 0, 0
Marshy_Terrain-47-_jpg.rf.d4d6c42d175c8ac3e20d064f2628caa0.jpg, 0, 1, 0, 0
Marshy_Terrain-344-_jpg.rf.d65f92917b687136c713eb6831173dd4.jpg, 0, 1, 0, 0
Grassy_Terrain-138-_jpg.rf.d91b0646e9c68c91fc221ee1f75db5eb.jpg, 1, 0, 0, 0
sandy_terrain-256-_jpg.rf.da6ccdda44ade91d7b8946b3392afe74.jpg, 0, 0, 0, 1
s-174-_jpg.rf.d7ad24ca4ea8258def1869c7e4869dca.jpg, 0, 0, 1, 0
Grassy_Terrain-380-_jpg.rf.d5a71ea5af95e1bbd0e31b5c2aac1497.jpg, 1, 0, 0, 0
s-146-_jpg.rf.dabddfb334641e18e5deaa87a5231966.jpg, 0, 0, 1, 0
Grassy_Terrain-267-_jpg.rf.da3a328bc4e782fb04116b652b777185.jpg, 1, 0, 0, 0
Grassy_Terrain-47-_jpg.rf.db307c671a80f0523afc347672288f7c.jpg, 1, 0, 0, 0
Grassy_Terrain-142-_jpg.rf.db39be6659a253c83c1422735ed1d47b.jpg, 1, 0, 0, 0
Marshy_Terrain-213-_jpg.rf.db27eaa4e71dfdabf1badce5bcbef454.jpg, 0, 1, 0, 0
Marshy_Terrain-138-_jpg.rf.da1c399565df348d2fd5fa15b38ebce3.jpg, 0, 1, 0, 0
Grassy_Terrain-278-_jpg.rf.d960cfc779457c96575cff9137056552.jpg, 1, 0, 0, 0
Marshy_Terrain-328-_jpg.rf.d47fabc9e14c6c6f113601f544daf924.jpg, 0, 1, 0, 0
Grassy_Terrain-368-_jpg.rf.d9d0d1a624ee83d8d7c759dc257a6482.jpg, 1, 0, 0, 0
sandy_terrain-210-_jpg.rf.db92de7c70eb3552eaf1089b1f180f3c.jpg, 0, 0, 0, 1
Grassy_Terrain-217-_jpg.rf.dba0dc5e4ace951860e8a4fbb49c9c68.jpg, 1, 0, 0, 0
sandy_terrain-245-_jpg.rf.db7ec70e702e4c44abf88b2ecc2b8c1a.jpg, 0, 0, 0, 1
Marshy_Terrain-280-_jpg.rf.dc3df9e6db8bda24b64bb49501416cce.jpg, 0, 1, 0, 0
Grassy_Terrain-206-_jpg.rf.dbc2e1b117715a8f2ebf5f17a0e2790d.jpg, 1, 0, 0, 0
Grassy_Terrain-332-_jpg.rf.dbbfb673efaeeb5692b2bd0dfcaf63fd.jpg, 1, 0, 0, 0
Marshy_Terrain-57-_jpg.rf.dc32798feaa65975db18a9f585b5994d.jpg, 0, 1, 0, 0
Grassy_Terrain-232-_jpg.rf.dc9fe8b43f08d93243ce2375f58c213d.jpg, 1, 0, 0, 0
Grassy_Terrain-189-_jpg.rf.ddc107e8fd8947c827dac0c2ca76aa63.jpg, 1, 0, 0, 0
Grassy_Terrain-150-_jpg.rf.dc54366c987fc3fe61c39be97238f76d.jpg, 1, 0, 0, 0
Marshy_Terrain-310-_jpg.rf.dbfe25437af3df235a242bed571388c0.jpg, 0, 1, 0, 0
Grassy_Terrain-319-_jpg.rf.dec2aad67bf840860dc0840863ff11bc.jpg, 1, 0, 0, 0
sandy_terrain-436-_jpg.rf.dddf053167edc8137f864a8fb0307fb9.jpg, 0, 0, 0, 1
Grassy_Terrain-291-_jpg.rf.dbe8308518ec4b2c4a5f2429268a2adc.jpg, 1, 0, 0, 0
sandy_terrain-282-_jpg.rf.ddbd4220f875d4e70cb3e2d3e4649865.jpg, 0, 0, 0, 1
s-560-_jpg.rf.deb6c18da0b408ab36bf66b150a11392.jpg, 0, 0, 1, 0
sandy_terrain-437-_jpg.rf.deac8f621eed4c2021ae1e1a1329ef01.jpg, 0, 0, 0, 1
Marshy_Terrain-271-_jpg.rf.df6a0f7f50a7ceb1eb50512e08df3f7b.jpg, 0, 1, 0, 0
sandy_terrain-5-_jpg.rf.df462abfa40a30497cf9680fea2b4738.jpg, 0, 0, 0, 1
Grassy_Terrain-277-_jpg.rf.dce0a4e7a0d6882171c587229f96e3a8.jpg, 1, 0, 0, 0
sandy_terrain-423-_jpg.rf.dd7ce2505300cc73545f3bab2e2732a0.jpg, 0, 0, 0, 1
Marshy_Terrain-10-_jpg.rf.de001cf7ca2af39c4d2dcf19887ae5fc.jpg, 0, 1, 0, 0
Grassy_Terrain-26-_jpg.rf.dde99dc3a6acb306f676f2ef10412c3c.jpg, 1, 0, 0, 0
Grassy_Terrain-224-_jpg.rf.dde6bebd7f7473855031bb2b71e46587.jpg, 1, 0, 0, 0
Grassy_Terrain-375-_jpg.rf.df11e55f2f97c1b40c6ee7248b9c5ab4.jpg, 1, 0, 0, 0
Marshy_Terrain-284-_jpg.rf.e0172de04898ee4b2303ad9cc0f2b06f.jpg, 0, 1, 0, 0
Grassy_Terrain-302-_jpg.rf.e05a46973b80a0f05028a45c97d322ee.jpg, 1, 0, 0, 0
sandy_terrain-448-_jpg.rf.e033197bdfe3b87afbfed6446c86f415.jpg, 0, 0, 0, 1
sandy_terrain-334-_jpg.rf.dfb60eccc5a78d4ac8b780330f33f574.jpg, 0, 0, 0, 1
sandy_terrain-345-_jpg.rf.e1a9bd2420971cf2e081a8ce2f07b9f5.jpg, 0, 0, 0, 1
s-356-_jpg.rf.e1d25811f8d5b5e81ce0a3ed33c3bc14.jpg, 0, 0, 1, 0
Marshy_Terrain-54-_jpg.rf.e23aefef0ba4db0d631189b82c133137.jpg, 0, 1, 0, 0
s-143-_jpg.rf.df878b77ce73e923003da37b638bed99.jpg, 0, 0, 1, 0
s-55-_jpg.rf.e44954cfc3f4fb048775d02234311fea.jpg, 0, 0, 1, 0
Marshy_Terrain-292-_jpg.rf.e155099f3a9faf393969f3f87fc1705e.jpg, 0, 1, 0, 0
Marshy_Terrain-372-_jpg.rf.e0629fe7d5270150ec14ac8a71a7166d.jpg, 0, 1, 0, 0
Grassy_Terrain-220-_jpg.rf.e0b28eab14d0079bcec1560b729469e9.jpg, 1, 0, 0, 0
Marshy_Terrain-335-_jpg.rf.e49add2ef6815ca71651bf1e5aabfa9e.jpg, 0, 1, 0, 0
Grassy_Terrain-85-_jpg.rf.e04afc246d1c149bc87964dd911d8ab4.jpg, 1, 0, 0, 0
sandy_terrain-146-_jpg.rf.e11400858f11e919c38b95da263b0859.jpg, 0, 0, 0, 1
Grassy_Terrain-374-_jpg.rf.e1d3e0161ac5c00ec376fd9a0b831c0f.jpg, 1, 0, 0, 0
Marshy_Terrain-167-_jpg.rf.e1e2377dbab3affe7bc255e30ed605a3.jpg, 0, 1, 0, 0
Grassy_Terrain-246-_jpg.rf.e167ef42545fe73ba9c043f20a796908.jpg, 1, 0, 0, 0
Grassy_Terrain-288-_jpg.rf.e17ea8accfecf9b1dde29bf74a5ac59a.jpg, 1, 0, 0, 0
Grassy_Terrain-310-_jpg.rf.e35a62eea163eebd439bf6bf7d8b9a44.jpg, 1, 0, 0, 0
Marshy_Terrain-165-_jpg.rf.e3ab1d48ce4cdd85c32ff6063cb2b3b0.jpg, 0, 1, 0, 0
s-173-_jpg.rf.e0d1ec3c9182060096da113ae796b9db.jpg, 0, 0, 1, 0
Marshy_Terrain-202-_jpg.rf.e36667189e572dc308c9d995781715d4.jpg, 0, 1, 0, 0
Marshy_Terrain-143-_jpg.rf.e09808f42217f0c7f2e00395c7f625de.jpg, 0, 1, 0, 0
s-218-_jpg.rf.e4c035e853eaae087e0e55f71fe5c612.jpg, 0, 0, 1, 0
Grassy_Terrain-289-_jpg.rf.e2b976bcced78c8d329d801cb3d5a32b.jpg, 1, 0, 0, 0
sandy_terrain-28-_jpg.rf.e4e55fe63a12bf8b5e7c4f1347b7ea72.jpg, 0, 0, 0, 1
Grassy_Terrain-379-_jpg.rf.e5810e6b7d91dc621fccbb0c0b6a615f.jpg, 1, 0, 0, 0
Marshy_Terrain-46-_jpg.rf.e4e7735f6f38f8402d5bf30fe2d16a0e.jpg, 0, 1, 0, 0
s-314-_jpg.rf.e811ad1f775128db87a50a979219ec60.jpg, 0, 0, 1, 0
sandy_terrain-203-_jpg.rf.e866747a11523837dfa5b104f9edb910.jpg, 0, 0, 0, 1
Marshy_Terrain-34-_jpg.rf.e7e93444f7803d854efa2aad173c12e3.jpg, 0, 1, 0, 0
Grassy_Terrain-306-_jpg.rf.e91bec76cffb71721eee2e99475362a1.jpg, 1, 0, 0, 0
Grassy_Terrain-297-_jpg.rf.e511992385aa0f2686f57885b4b37171.jpg, 1, 0, 0, 0
s-225-_jpg.rf.e982e7f28e23494385c61dea0ee13601.jpg, 0, 0, 1, 0
s-312-_jpg.rf.e626992f37ed291b1c431eb3dfb017f2.jpg, 0, 0, 1, 0
sandy_terrain-190-_jpg.rf.e9eb30bedbb242ff55e3bc85527a82e9.jpg, 0, 0, 0, 1
Marshy_Terrain-360-_jpg.rf.eb2be9fe3bf79da200d480e3b1afef1c.jpg, 0, 1, 0, 0
s-138-_jpg.rf.ea581d530e4459019d3aba31a37229df.jpg, 0, 0, 1, 0
sandy_terrain-294-_jpg.rf.e622f9e0001b9b72b175631624f18e6f.jpg, 0, 0, 0, 1
sandy_terrain-202-_jpg.rf.e7ef465136ab3a372cdc1dfc67be1911.jpg, 0, 0, 0, 1
s-156-_jpg.rf.e8acb69533b639963db3e45dcc292a22.jpg, 0, 0, 1, 0
Marshy_Terrain-141-_jpg.rf.e9c1f7bf41b9031947fa9c7a00f10a76.jpg, 0, 1, 0, 0
s-155-_jpg.rf.e92f226cd1f4a6f865c9a7a58beac25a.jpg, 0, 0, 1, 0
Grassy_Terrain-286-_jpg.rf.eb97f16ac906efa3ec0f70eb05943b88.jpg, 1, 0, 0, 0
sandy_terrain-230-_jpg.rf.eab4b6f0db95179e52b7ebddba18e6f5.jpg, 0, 0, 0, 1
s-132-_jpg.rf.eb2c03681de24a3f230d5d2f392a7622.jpg, 0, 0, 1, 0
Grassy_Terrain-80-_jpg.rf.ea288d0b71699375434e802e37d50ad4.jpg, 1, 0, 0, 0
sandy_terrain-424-_jpg.rf.e8b754a4098d39651e049e274c9bc429.jpg, 0, 0, 0, 1
s-359-_jpg.rf.ebd91b45113633f1e799e94c2563a022.jpg, 0, 0, 1, 0
s-555-_jpg.rf.e723e3a5f6c09baf1f50d85bbf7f979d.jpg, 0, 0, 1, 0
sandy_terrain-422-_jpg.rf.eab0c2863a3581e1c9d21802ef11af63.jpg, 0, 0, 0, 1
Marshy_Terrain-272-_jpg.rf.ec9c00cf5a37b0f0b680151c18b14717.jpg, 0, 1, 0, 0
sandy_terrain-292-_jpg.rf.e8b2d1750398bbd2516c575e296c173e.jpg, 0, 0, 0, 1
Marshy_Terrain-251-_jpg.rf.ede976b5acda0b78a69b91964dcb3933.jpg, 0, 1, 0, 0
sandy_terrain-250-_jpg.rf.ee0ff057dd107760353dda14fe19ad49.jpg, 0, 0, 0, 1
s-334-_jpg.rf.ed42fd3253c334fa6053374dc041e2bb.jpg, 0, 0, 1, 0
Marshy_Terrain-170-_jpg.rf.ef8220d26cf3eb0786b6626cc4e21781.jpg, 0, 1, 0, 0
Marshy_Terrain-273-_jpg.rf.ef4765fa3d857d395dff7f37d84129d0.jpg, 0, 1, 0, 0
Grassy_Terrain-348-_jpg.rf.ef86c9b677e8d9cd1f784c2000e71626.jpg, 1, 0, 0, 0
sandy_terrain-132-_jpg.rf.ed81d5673ee16a1642d0100cb5b88b74.jpg, 0, 0, 0, 1
Grassy_Terrain-314-_jpg.rf.f0dc7daa103419c7783d3ee438dd1484.jpg, 1, 0, 0, 0
Marshy_Terrain-290-_jpg.rf.f159da1b0af58599135c3232faac936a.jpg, 0, 1, 0, 0
s-109-_jpg.rf.edf76ad37e0308e85734fa0f7bfa4369.jpg, 0, 0, 1, 0
Marshy_Terrain-144-_jpg.rf.efae3e5391087398baaa58b7e21103a6.jpg, 0, 1, 0, 0
s-558-_jpg.rf.f038ed2785c7b401c86ed5c3a6ed4888.jpg, 0, 0, 1, 0
Grassy_Terrain-252-_jpg.rf.f11362ae90a563404e1c2c5621a6b0c1.jpg, 1, 0, 0, 0
Marshy_Terrain-318-_jpg.rf.f03773308a852cff5191fc334f27c0ef.jpg, 0, 1, 0, 0
sandy_terrain-320-_jpg.rf.ecfd079b9d8c8b35acb71538711cd83b.jpg, 0, 0, 0, 1
Grassy_Terrain-240-_jpg.rf.ece713fbfa0e1685d48d42d2f5087ca4.jpg, 1, 0, 0, 0
Grassy_Terrain-38-_jpg.rf.f15e43fdf2c1c2ab91acfd8bd4f0cf75.jpg, 1, 0, 0, 0
sandy_terrain-181-_jpg.rf.f06a97aaeb14528d9bebcb866fa492b6.jpg, 0, 0, 0, 1
sandy_terrain-50-_jpg.rf.ed74fe4bc4e7c34d958a9b8129870861.jpg, 0, 0, 0, 1
Grassy_Terrain-40-_jpg.rf.ed7c1c8d4682c9e137928e7c85418d1e.jpg, 1, 0, 0, 0
sandy_terrain-52-_jpg.rf.ef9cede7ce935aca580676baffb3e2c3.jpg, 0, 0, 0, 1
Marshy_Terrain-8-_jpg.rf.f1c98804c9caf25b8587650978b45357.jpg, 0, 1, 0, 0
sandy_terrain-193-_jpg.rf.f065c61f3d6860405ef780a72cbe0d0e.jpg, 0, 0, 0, 1
Marshy_Terrain-120-_jpg.rf.f220ff979283e7d1105e90043a7d8738.jpg, 0, 1, 0, 0
Marshy_Terrain-200-_jpg.rf.ef785b8abf8aed74c692da0902184c30.jpg, 0, 1, 0, 0
Marshy_Terrain-3-_jpg.rf.edd2e773701d40ee404e6c3f34104bc7.jpg, 0, 1, 0, 0
sandy_terrain-432-_jpg.rf.f25f6e463dd816350270405917904f18.jpg, 0, 0, 0, 1
Marshy_Terrain-321-_jpg.rf.f2556d1687c32f5f30bad5e726249e74.jpg, 0, 1, 0, 0
sandy_terrain-330-_jpg.rf.f26923cff4ca07d86a79a23084ca1ea8.jpg, 0, 0, 0, 1
s-228-_jpg.rf.f276049f5b79de72140cd7601c5b6d01.jpg, 0, 0, 1, 0
sandy_terrain-128-_jpg.rf.f2cf5c34b56be4274f1f9d5c76d645db.jpg, 0, 0, 0, 1
Marshy_Terrain-383-_jpg.rf.f3ba6a78dfaf8d77c5ee3ebb14fca610.jpg, 0, 1, 0, 0
s-175-_jpg.rf.f33071183ba3c5e66a1b9908e98df3d7.jpg, 0, 0, 1, 0
Grassy_Terrain-244-_jpg.rf.f2bb0f667362f7390fc343eda0893ef8.jpg, 1, 0, 0, 0
sandy_terrain-445-_jpg.rf.f41edcc297770bafc1f1a33d7839afa7.jpg, 0, 0, 0, 1
sandy_terrain-219-_jpg.rf.f49eb47e69329074f66d6d9cd572ae48.jpg, 0, 0, 0, 1
Grassy_Terrain-203-_jpg.rf.f52e98c1a953dfede5f3745dc2ad1bbf.jpg, 1, 0, 0, 0
Marshy_Terrain-125-_jpg.rf.f3e900adb5cd0f3b2f6b6636a6994596.jpg, 0, 1, 0, 0
s-10-_jpg.rf.f49ab6fe18ac5c621b021a74f52f076b.jpg, 0, 0, 1, 0
Grassy_Terrain-234-_jpg.rf.f2a17080c2eabcfe34d7e79b2b3d7f82.jpg, 1, 0, 0, 0
sandy_terrain-258-_jpg.rf.f4b55d9739e1205cef3109438f251921.jpg, 0, 0, 0, 1
s-162-_jpg.rf.f6d7a1bfd7ad16f61e163116ced34d3d.jpg, 0, 0, 1, 0
sandy_terrain-243-_jpg.rf.f553983fec5ad4f99c2a16abeb7008a5.jpg, 0, 0, 0, 1
Grassy_Terrain-229-_jpg.rf.f424e07c5d45f3a53122a75305cddee7.jpg, 1, 0, 0, 0
sandy_terrain-251-_jpg.rf.f525067a777ce1bf384bd27e256f7697.jpg, 0, 0, 0, 1
s-370-_jpg.rf.f6880dfca4002430e834eecb7066c8d1.jpg, 0, 0, 1, 0
sandy_terrain-25-_jpg.rf.f4fb47985064c2bcfeb620f845020da4.jpg, 0, 0, 0, 1
s-171-_jpg.rf.f6a01b931019d1024eee2bb83633c25b.jpg, 0, 0, 1, 0
s-374-_jpg.rf.f543406c9d7178666cfe395a90fbd56a.jpg, 0, 0, 1, 0
Marshy_Terrain-87-_jpg.rf.f72c940d64baf8e4c441f4c4334d1a98.jpg, 0, 1, 0, 0
sandy_terrain-331-_jpg.rf.f73b947687aaceea5883f9a3a99652c0.jpg, 0, 0, 0, 1
s-342-_jpg.rf.f6724aa9868d3b5e7e45435ce62b5f64.jpg, 0, 0, 1, 0
Grassy_Terrain-235-_jpg.rf.f76917519d2573d4fb5a25c49a224e11.jpg, 1, 0, 0, 0
Marshy_Terrain-96-_jpg.rf.f77dae7894c78e751faaf6df8ec630cb.jpg, 0, 1, 0, 0
Grassy_Terrain-388-_jpg.rf.f5eb05c831fafe99f17efb06a8807864.jpg, 1, 0, 0, 0
sandy_terrain-21-_jpg.rf.f61bb3f32000b8b6a0f16df61e60d6ed.jpg, 0, 0, 0, 1
s-379-_jpg.rf.f286d1be5d147a3c3aecf8beeb6ec6d7.jpg, 0, 0, 1, 0
Marshy_Terrain-316-_jpg.rf.f3207a23d9c6b6d3d68dba671f5b31db.jpg, 0, 1, 0, 0
Grassy_Terrain-333-_jpg.rf.f793f584705d58e42cdb62b8d9a8f241.jpg, 1, 0, 0, 0
sandy_terrain-112-_jpg.rf.f947d543165d8ac31740fe613046e9e8.jpg, 0, 0, 0, 1
sandy_terrain-55-_jpg.rf.f8a7ac4aba35212b312aca4a7b48eb34.jpg, 0, 0, 0, 1
sandy_terrain-246-_jpg.rf.f846fcafabff219f4da79251a7504fd0.jpg, 0, 0, 0, 1
Grassy_Terrain-78-_jpg.rf.f7b1e8b2f63f6efac49f165d6e17ec1e.jpg, 1, 0, 0, 0
Grassy_Terrain-163-_jpg.rf.f936a21ce24cbc8563b60ed52debb1dc.jpg, 1, 0, 0, 0
s-114-_jpg.rf.f7e3418c6bfffea4ec196db8cc645ec4.jpg, 0, 0, 1, 0
Grassy_Terrain-99-_jpg.rf.f9a4ddbc0d1a1992364df278afcaa90e.jpg, 1, 0, 0, 0
sandy_terrain-270-_jpg.rf.f7e712ccd803d141aa26e52e9ea0b890.jpg, 0, 0, 0, 1
Marshy_Terrain-347-_jpg.rf.f99a621ff9209a747a1b86d7c120ab82.jpg, 0, 1, 0, 0
s-288-_jpg.rf.f81d03bc48418a25efb1d79589d26b8a.jpg, 0, 0, 1, 0
Marshy_Terrain-320-_jpg.rf.f90c316abdc5d98285f12905a4b1f36d.jpg, 0, 1, 0, 0
Marshy_Terrain-124-_jpg.rf.2cdf872cd62e8bbe3d5d682e307f1a1e.jpg, 0, 1, 0, 0
Grassy_Terrain-175-_jpg.rf.2d0183fee2f7cbabe78f3c76a61ad1c3.jpg, 1, 0, 0, 0
Grassy_Terrain-50-_jpg.rf.2d555f0ba44d5167eb0d647731eb8c64.jpg, 1, 0, 0, 0
s-222-_jpg.rf.2d7fa8018770869e36961ce17ce35de0.jpg, 0, 0, 1, 0
Grassy_Terrain-390-_jpg.rf.2e7e476f494e2dd017e620b5f01e79df.jpg, 1, 0, 0, 0
s-451-_jpg.rf.2d36afe8d0ef28f41c7c59ac9ed5879e.jpg, 0, 0, 1, 0
Marshy_Terrain-352-_jpg.rf.2ea0cfc450135cd62d7ae8a869615354.jpg, 0, 1, 0, 0
s-235-_jpg.rf.2d9e156ce1a272ff13cf85fe40d4a510.jpg, 0, 0, 1, 0
sandy_terrain-304-_jpg.rf.2f5dd95b73a9bd3f12681e83a5a89612.jpg, 0, 0, 0, 1
sandy_terrain-104-_jpg.rf.2e7f9275926e3516d81ea8145f508444.jpg, 0, 0, 0, 1
Grassy_Terrain-173-_jpg.rf.2eb889290884bb971653fa167d7e89a2.jpg, 1, 0, 0, 0
Marshy_Terrain-357-_jpg.rf.2e9b4cdd464b0e4b48ee8769c2fbd4ae.jpg, 0, 1, 0, 0
sandy_terrain-358-_jpg.rf.2f9d4cfa5d980cebd572414980a1ee57.jpg, 0, 0, 0, 1
sandy_terrain-83-_jpg.rf.2d60ea7474bb8f85808dee88fba8f9ac.jpg, 0, 0, 0, 1
Marshy_Terrain-61-_jpg.rf.2fd9d503609b90e9c5c252cd03e3ccbf.jpg, 0, 1, 0, 0
sandy_terrain-109-_jpg.rf.30cb17b95b92b8462ca9c2538f07164f.jpg, 0, 0, 0, 1
Marshy_Terrain-28-_jpg.rf.2fba054404612d214ed1921ae3012472.jpg, 0, 1, 0, 0
Marshy_Terrain-5-_jpg.rf.2f92c45cb37e209174e6b4301dfcf2c8.jpg, 0, 1, 0, 0
Marshy_Terrain-297-_jpg.rf.3107678605be51c7841ed153d97b149a.jpg, 0, 1, 0, 0
Marshy_Terrain-97-_jpg.rf.3077d6eb2db6b1bbe90ab06928428aa6.jpg, 0, 1, 0, 0
Grassy_Terrain-30-_jpg.rf.2e3f2215983d725e833b22c7caa35261.jpg, 1, 0, 0, 0
sandy_terrain-305-_jpg.rf.2e41b123da59a46658197152103e52db.jpg, 0, 0, 0, 1
sandy_terrain-421-_jpg.rf.2f82fc8f0542c28c3eb7b08691fedbbb.jpg, 0, 0, 0, 1
s-131-_jpg.rf.310e58c7ea5eaf8793ab502b07bbaf74.jpg, 0, 0, 1, 0
sandy_terrain-92-_jpg.rf.310d7cf94890b2d615f83bd963d68914.jpg, 0, 0, 0, 1
Grassy_Terrain-283-_jpg.rf.313102ff41dad264674ee231aeb575b7.jpg, 1, 0, 0, 0
Marshy_Terrain-111-_jpg.rf.314cb3702342e1d5c123bbbba1cba04c.jpg, 0, 1, 0, 0
sandy_terrain-170-_jpg.rf.318c8bb2ede70acd8d7d01cf7f8534ae.jpg, 0, 0, 0, 1
Grassy_Terrain-210-_jpg.rf.31895aa740e3b736f76c941d79fabf93.jpg, 1, 0, 0, 0
sandy_terrain-231-_jpg.rf.31708e1e3f956de4f84cb299df617187.jpg, 0, 0, 0, 1
Grassy_Terrain-54-_jpg.rf.32e338661c1ffe06ce42c0c635ff01f7.jpg, 1, 0, 0, 0
Grassy_Terrain-317-_jpg.rf.31a7c2fda85892ac27096679f228b0da.jpg, 1, 0, 0, 0
Grassy_Terrain-79-_jpg.rf.35091462f20baf9988fc99fdb7ea4923.jpg, 1, 0, 0, 0
sandy_terrain-204-_jpg.rf.3257f33f564fa31ff42c0f5cbc131e2d.jpg, 0, 0, 0, 1
s-160-_jpg.rf.349c94a3316dda2cdc8d9fce4b7625db.jpg, 0, 0, 1, 0
sandy_terrain-71-_jpg.rf.340d1ffd75860e6ccfe33e64d8822857.jpg, 0, 0, 0, 1
sandy_terrain-162-_jpg.rf.345f33e17cb3424ac230e0bd059fac38.jpg, 0, 0, 0, 1
sandy_terrain-229-_jpg.rf.32f6d217020d0bb5aff671f1deb7dfb7.jpg, 0, 0, 0, 1
Marshy_Terrain-257-_jpg.rf.32e8d6018cf4179042bda151eb1496f8.jpg, 0, 1, 0, 0
Marshy_Terrain-387-_jpg.rf.326368555919d9e3de7df72f58ef1459.jpg, 0, 1, 0, 0
Grassy_Terrain-381-_jpg.rf.34fcbc18922b83bfb2638c0ce0adfa9e.jpg, 1, 0, 0, 0
Marshy_Terrain-66-_jpg.rf.32f07081cedac3a23838e8f3da47ec91.jpg, 0, 1, 0, 0
sandy_terrain-47-_jpg.rf.3438a472cddffda149a20a5024cacb9b.jpg, 0, 0, 0, 1
Grassy_Terrain-296-_jpg.rf.34488f96c558377ea03c97125f7ef94c.jpg, 1, 0, 0, 0
s-126-_jpg.rf.33961a090931f778b7a31ab42778c813.jpg, 0, 0, 1, 0
Marshy_Terrain-41-_jpg.rf.341160ae744905fdceecf8e767fc0fd1.jpg, 0, 1, 0, 0
Marshy_Terrain-317-_jpg.rf.35a98565be960fe5a787c43b07a81b4c.jpg, 0, 1, 0, 0
Grassy_Terrain-165-_jpg.rf.353dc7ef6ffece2c040b79518014f5ce.jpg, 1, 0, 0, 0
sandy_terrain-118-_jpg.rf.356e3bc3c293b64b05d6cd0f9b0d8ac2.jpg, 0, 0, 0, 1
Grassy_Terrain-186-_jpg.rf.3596424f8c6d9e8d7e3c3f39ad1ddab1.jpg, 1, 0, 0, 0
s-306-_jpg.rf.34b822f8ca291ec5fb7a0c6e1ea27a46.jpg, 0, 0, 1, 0
Grassy_Terrain-90-_jpg.rf.36907d3d501664314334067016b19fd8.jpg, 1, 0, 0, 0
Marshy_Terrain-260-_jpg.rf.378c605f9514ec04dc96270f42a74534.jpg, 0, 1, 0, 0
s-183-_jpg.rf.3657e6765ab374d22cf1256c7a9cc9dd.jpg, 0, 0, 1, 0
s-148-_jpg.rf.36ff438fc5908453b551987f8395fa3c.jpg, 0, 0, 1, 0
sandy_terrain-446-_jpg.rf.3691dbdcdf2dc17aa40c5cc05939c715.jpg, 0, 0, 0, 1
Marshy_Terrain-188-_jpg.rf.372cf2b9e8da43b919624517f281cf17.jpg, 0, 1, 0, 0
Grassy_Terrain-343-_jpg.rf.36799bf46a3cd9624852a808cc241853.jpg, 1, 0, 0, 0
sandy_terrain-68-_jpg.rf.397a95fd41c9d89d894fc9d64dc68837.jpg, 0, 0, 0, 1
Marshy_Terrain-70-_jpg.rf.39c04fe5966b1ba3e0c671aa0aa103f5.jpg, 0, 1, 0, 0
Grassy_Terrain-266-_jpg.rf.3a795ac04f512b4ae8e091baf2b3bfdc.jpg, 1, 0, 0, 0
Grassy_Terrain-221-_jpg.rf.385693ef06f3d73788d6babedc03a500.jpg, 1, 0, 0, 0
Grassy_Terrain-67-_jpg.rf.3bb790def58648341e09ab8cb7a6bfb8.jpg, 1, 0, 0, 0
Marshy_Terrain-382-_jpg.rf.39ff839fa4e44c50ef8e28d9937464d5.jpg, 0, 1, 0, 0
Grassy_Terrain-350-_jpg.rf.39aebd84fff2848e2d289d34028e085d.jpg, 1, 0, 0, 0
Grassy_Terrain-33-_jpg.rf.38cf171471727505f68ad62c15b5fa85.jpg, 1, 0, 0, 0
Grassy_Terrain-214-_jpg.rf.3ad2d01f12d9c086fb9810307a01b4cd.jpg, 1, 0, 0, 0
s-320-_jpg.rf.37d4a0446d5ce27667edf080366fe416.jpg, 0, 0, 1, 0
Marshy_Terrain-205-_jpg.rf.3b58c28319fc219c743c194cc4428248.jpg, 0, 1, 0, 0
Grassy_Terrain-133-_jpg.rf.3a996ba365c76e1d8d6530f5c2427e48.jpg, 1, 0, 0, 0
s-332-_jpg.rf.3a7669878a947ed18f9a7941f0a74e80.jpg, 0, 0, 1, 0
s-565-_jpg.rf.3b3c59f8fa2bd24ef539c63da2e56e3a.jpg, 0, 0, 1, 0
sandy_terrain-160-_jpg.rf.3c185637a6f5aa618672b20d3a128c96.jpg, 0, 0, 0, 1
Grassy_Terrain-342-_jpg.rf.3a772165ae9240ad2935090ace4bb949.jpg, 1, 0, 0, 0
Marshy_Terrain-220-_jpg.rf.3c197612681f86c3ea620ee4f998f99b.jpg, 0, 1, 0, 0
Marshy_Terrain-312-_jpg.rf.39e4581b5c062ea5cd61985f85780e9d.jpg, 0, 1, 0, 0
Grassy_Terrain-377-_jpg.rf.372092012865705a543f64bf8fe0d9b4.jpg, 1, 0, 0, 0
Grassy_Terrain-73-_jpg.rf.3dc8ffd0cbfbd7e2514409f163e42fc1.jpg, 1, 0, 0, 0
Marshy_Terrain-22-_jpg.rf.3ed92a9fd6f136a31c09e7fb1f5d1487.jpg, 0, 1, 0, 0
s-349-_jpg.rf.3ff149513a2cf56cd3a32bf746233eeb.jpg, 0, 0, 1, 0
sandy_terrain-114-_jpg.rf.3d0a970b46d2ceb86491f1385b9e067a.jpg, 0, 0, 0, 1
Marshy_Terrain-177-_jpg.rf.3f0763793069e0570e24c9a1b71e4b62.jpg, 0, 1, 0, 0
Grassy_Terrain-153-_jpg.rf.3c3b23e85fd36eea366fa9bc8e73b75a.jpg, 1, 0, 0, 0
Marshy_Terrain-118-_jpg.rf.3d35134335f67b283dff5498274c23df.jpg, 0, 1, 0, 0
Marshy_Terrain-59-_jpg.rf.3e4faa0efeaac68c8cabaf066d3c0f89.jpg, 0, 1, 0, 0
Grassy_Terrain-13-_jpg.rf.3f5f663551928b612c61ebdfbb2228c0.jpg, 1, 0, 0, 0
Grassy_Terrain-158-_jpg.rf.3ebc699a9469a38026b844260a96b769.jpg, 1, 0, 0, 0
Grassy_Terrain-59-_jpg.rf.3dadf93fb06daecfabe7642f2f2362e7.jpg, 1, 0, 0, 0
s-172-_jpg.rf.3ea8475331d82c1ea4ea5cc56c00d848.jpg, 0, 0, 1, 0
s-300-_jpg.rf.3ca5c2a251a2030f1576cbe0efaf65ce.jpg, 0, 0, 1, 0
sandy_terrain-1-_jpg.rf.3ff3dc582115f9dd07d87e71678972b5.jpg, 0, 0, 0, 1
Marshy_Terrain-246-_jpg.rf.414564e3f680805e68c104e32813a7c7.jpg, 0, 1, 0, 0
Marshy_Terrain-174-_jpg.rf.3f53304438551bf5d753d04ffd4c84cd.jpg, 0, 1, 0, 0
Marshy_Terrain-159-_jpg.rf.3f362ae7c3472b06280b5f05999f08a2.jpg, 0, 1, 0, 0
s-318-_jpg.rf.404632b7faecb80310dabb629b8fcfce.jpg, 0, 0, 1, 0
Marshy_Terrain-253-_jpg.rf.40394b5123338abdf5910a5b26dae40c.jpg, 0, 1, 0, 0
Marshy_Terrain-304-_jpg.rf.40840b6f7c3694c3c64785ed56332144.jpg, 0, 1, 0, 0
Marshy_Terrain-333-_jpg.rf.3fed2b93c940706916588d655df5b9e3.jpg, 0, 1, 0, 0
sandy_terrain-179-_jpg.rf.409de69276166a10e4f0cba09486ba6d.jpg, 0, 0, 0, 1
Marshy_Terrain-74-_jpg.rf.4154abac2625d4382070afb8651602cc.jpg, 0, 1, 0, 0
Grassy_Terrain-72-_jpg.rf.40f96d95b2c53760d0c340ce2f6ed9b9.jpg, 1, 0, 0, 0
s-212-_jpg.rf.40c12b849da04d5d1d9d01da31c565c8.jpg, 0, 0, 1, 0
Grassy_Terrain-92-_jpg.rf.416d257b625d9429cebe475dac53bb69.jpg, 1, 0, 0, 0
sandy_terrain-9-_jpg.rf.4373e7c854797ed1ddb1fa63b9c2b62a.jpg, 0, 0, 0, 1
Marshy_Terrain-248-_jpg.rf.424bbb88b531557c624217957edbce97.jpg, 0, 1, 0, 0
sandy_terrain-289-_jpg.rf.432cebe1f43556a02650930681de9ff0.jpg, 0, 0, 0, 1
s-297-_jpg.rf.43c7651056dd1ecef9009a29a5a1b409.jpg, 0, 0, 1, 0
sandy_terrain-361-_jpg.rf.44b3d2d45e65d11b8b383f91ba1ea5e1.jpg, 0, 0, 0, 1
Marshy_Terrain-277-_jpg.rf.42757904ca2660d79044c305a4002e21.jpg, 0, 1, 0, 0
Marshy_Terrain-149-_jpg.rf.42ecde2033ed793a01eb8b206526a437.jpg, 0, 1, 0, 0
Marshy_Terrain-221-_jpg.rf.42b13d612c6933e5db41af1e6ed23ec6.jpg, 0, 1, 0, 0
Grassy_Terrain-279-_jpg.rf.44fb02c0da24c59c9446344ab7e6726e.jpg, 1, 0, 0, 0
s-2-_jpg.rf.445c7bd1b8e69bb0d3dcbe7862c71500.jpg, 0, 0, 1, 0
sandy_terrain-426-_jpg.rf.438813cff1dc5b20141fe9ee9603bff9.jpg, 0, 0, 0, 1
Marshy_Terrain-89-_jpg.rf.42be4131e7621591f27c9fb2db44a6ca.jpg, 0, 1, 0, 0
Grassy_Terrain-183-_jpg.rf.43019a4ddadd826970dcda605662cc7a.jpg, 1, 0, 0, 0
Marshy_Terrain-301-_jpg.rf.43f5e3b0bf52420826668a800d87326a.jpg, 0, 1, 0, 0
Grassy_Terrain-141-_jpg.rf.41c4b4ab969db8288a4410adc67a561e.jpg, 1, 0, 0, 0
Grassy_Terrain-11-_jpg.rf.43db9043df478a064ec74910f630a41a.jpg, 1, 0, 0, 0
Grassy_Terrain-184-_jpg.rf.44998c6bfad9499c288f3c760af53b29.jpg, 1, 0, 0, 0
Marshy_Terrain-225-_jpg.rf.466f6b23e8251c6f24d0b01e39e8e5ba.jpg, 0, 1, 0, 0
Grassy_Terrain-318-_jpg.rf.455218a7fe9427ca871d776767587a49.jpg, 1, 0, 0, 0
sandy_terrain-449-_jpg.rf.467cc18da2c7a1f3c4e4eda74320b0b9.jpg, 0, 0, 0, 1
Grassy_Terrain-323-_jpg.rf.447bc4ba577607f2079c85b3974f2010.jpg, 1, 0, 0, 0
Marshy_Terrain-68-_jpg.rf.430f9c59a475a2c95e9b1189980f5da1.jpg, 0, 1, 0, 0
sandy_terrain-428-_jpg.rf.458ed3918887406df3e5de1c28a4d1bc.jpg, 0, 0, 0, 1
Grassy_Terrain-31-_jpg.rf.46aab581b2973d7480aa04a379a53f5a.jpg, 1, 0, 0, 0
Grassy_Terrain-251-_jpg.rf.430bce3f81f279ae1b88661cc789a6d7.jpg, 1, 0, 0, 0
Grassy_Terrain-339-_jpg.rf.4760410764edbf4e785f274a16a92a8a.jpg, 1, 0, 0, 0
sandy_terrain-431-_jpg.rf.47d12f432149beffbaa3f893f3c8347d.jpg, 0, 0, 0, 1
Grassy_Terrain-327-_jpg.rf.49cc7f4e8a3ab89e166e70162e81a7e1.jpg, 1, 0, 0, 0
s-289-_jpg.rf.47ffec4319806ad65c71ea1e0d9ebeae.jpg, 0, 0, 1, 0
sandy_terrain-359-_jpg.rf.4863f80be1d149da7b4221600d8d635a.jpg, 0, 0, 0, 1
sandy_terrain-159-_jpg.rf.491bee3f81a6d03a0efaa92865ece1b5.jpg, 0, 0, 0, 1
Marshy_Terrain-6-_jpg.rf.4956159b588ec62e56327838f0858486.jpg, 0, 1, 0, 0
Grassy_Terrain-195-_jpg.rf.4892520eed00e74436ddadd78b54d999.jpg, 1, 0, 0, 0
sandy_terrain-100-_jpg.rf.4b2fe9bf213df2219bf64321ed54283d.jpg, 0, 0, 0, 1
sandy_terrain-14-_jpg.rf.498df17afe30fb3089f45e3970979e5e.jpg, 0, 0, 0, 1
Grassy_Terrain-212-_jpg.rf.4b0e980b08a2d002f974035e01f06cf9.jpg, 1, 0, 0, 0
s-346-_jpg.rf.4834e0af08bb324fe401db194ecaa98c.jpg, 0, 0, 1, 0
Grassy_Terrain-370-_jpg.rf.4b768cd96fbbe3d056c219f683f1b465.jpg, 1, 0, 0, 0
sandy_terrain-242-_jpg.rf.4a24e800da31b6fa65d91ec35807a896.jpg, 0, 0, 0, 1
Marshy_Terrain-223-_jpg.rf.4aba64f6e5ed03f63714085b99e8da47.jpg, 0, 1, 0, 0
Marshy_Terrain-180-_jpg.rf.4d662f2afe74d09d8193cf2ea8d7a908.jpg, 0, 1, 0, 0
s-245-_jpg.rf.4d1eec19c67f21770acd77d14ff3d94e.jpg, 0, 0, 1, 0
Marshy_Terrain-194-_jpg.rf.4d1e3d0b57e805de1a0e61774e0cc14d.jpg, 0, 1, 0, 0
sandy_terrain-425-_jpg.rf.481804302d3d6b53d8a5ae58649fb821.jpg, 0, 0, 0, 1
sandy_terrain-283-_jpg.rf.4df52e0a344a12331deb93dd749bb3d6.jpg, 0, 0, 0, 1
sandy_terrain-228-_jpg.rf.4cfbf3ba0945637e05015a12716fb4ca.jpg, 0, 0, 0, 1
Marshy_Terrain-227-_jpg.rf.4d18bba88c1b95296ff320ba7fe2b886.jpg, 0, 1, 0, 0
sandy_terrain-199-_jpg.rf.4b1ef39f3283975a702201c92f8e9723.jpg, 0, 0, 0, 1
Marshy_Terrain-239-_jpg.rf.4b094a49b5def788b81512a85ddbe8ed.jpg, 0, 1, 0, 0
sandy_terrain-59-_jpg.rf.4e32c552b37390c75edd5ce057669df5.jpg, 0, 0, 0, 1
s-561-_jpg.rf.49aeff1168833986adff0a68122e073d.jpg, 0, 0, 1, 0
s-335-_jpg.rf.4c5652e135f3c8d8a20e56b2a09acdea.jpg, 0, 0, 1, 0
Grassy_Terrain-196-_jpg.rf.4e58e94298e2be062a99525a496ed336.jpg, 1, 0, 0, 0
sandy_terrain-3-_jpg.rf.4f0fc05c944b55862c4d41b01aa3632d.jpg, 0, 0, 0, 1
sandy_terrain-67-_jpg.rf.4f08b7695e5af5cf5f40e11860e02a42.jpg, 0, 0, 0, 1
Marshy_Terrain-211-_jpg.rf.54a229596384d6853a90e94b89554f46.jpg, 0, 1, 0, 0
Grassy_Terrain-298-_jpg.rf.4e991cececfee73544e727334334f52a.jpg, 1, 0, 0, 0
s-58-_jpg.rf.4e86b542935edd589fdf7bfbd6ebf4c4.jpg, 0, 0, 1, 0
Grassy_Terrain-387-_jpg.rf.4f81381e198d3edf4329a371d7053936.jpg, 1, 0, 0, 0
sandy_terrain-433-_jpg.rf.4f372579a714657cf6fab5d249dc1494.jpg, 0, 0, 0, 1
s-179-_jpg.rf.4f827e007903e31cdd437bbd2b08cfb8.jpg, 0, 0, 1, 0
sandy_terrain-8-_jpg.rf.524d89f26c707ecbcb326e8f46aec9c8.jpg, 0, 0, 0, 1
sandy_terrain-164-_jpg.rf.536e2f6017595aea1464e1b5cac38a96.jpg, 0, 0, 0, 1
Grassy_Terrain-23-_jpg.rf.4efd54ea746c3df081f703e6730cb646.jpg, 1, 0, 0, 0
Grassy_Terrain-34-_jpg.rf.4e8b9be53833096f54c3a510511ddb79.jpg, 1, 0, 0, 0
sandy_terrain-354-_jpg.rf.52484fb524c1bd0a199d6024bdbbb754.jpg, 0, 0, 0, 1
Grassy_Terrain-215-_jpg.rf.4fe3408bdb14d5bd846d5371ec8618ea.jpg, 1, 0, 0, 0
Marshy_Terrain-2-_jpg.rf.50c85c1c16fb525074c9d0530101db88.jpg, 0, 1, 0, 0
Marshy_Terrain-243-_jpg.rf.54b651dcd58bc7e100c70854f73c7da4.jpg, 0, 1, 0, 0
sandy_terrain-263-_jpg.rf.544855cb33df5e741fdfe9b4e711f5f4.jpg, 0, 0, 0, 1
Grassy_Terrain-222-_jpg.rf.512933688fcd916d9de8a49787dcedb7.jpg, 1, 0, 0, 0
Marshy_Terrain-322-_jpg.rf.516ec215ba8a0b7bccbededc0a6f0b5b.jpg, 0, 1, 0, 0
sandy_terrain-65-_jpg.rf.51e2c2bdbb46a46e350420bd12bab8ad.jpg, 0, 0, 0, 1
Grassy_Terrain-392-_jpg.rf.54765d9348ec99f50b2eda6915d8cc11.jpg, 1, 0, 0, 0
Marshy_Terrain-201-_jpg.rf.4f05c3b55b256400bebc34cd7f99c22f.jpg, 0, 1, 0, 0
sandy_terrain-306-_jpg.rf.5508d55d3d53eb56f87889db601bbaa4.jpg, 0, 0, 0, 1
Marshy_Terrain-247-_jpg.rf.5381a1c4bac84381baf01b5a8de0c9ff.jpg, 0, 1, 0, 0
sandy_terrain-167-_jpg.rf.53f03957272e86322be8bd874259dec7.jpg, 0, 0, 0, 1
sandy_terrain-61-_jpg.rf.558660962a57445e854ee5fe4933da61.jpg, 0, 0, 0, 1
Grassy_Terrain-8-_jpg.rf.558d0dd90b2e3f9e39ecd1189ff2a2dd.jpg, 1, 0, 0, 0
s-557-_jpg.rf.559293e5368411f1925e0e5175acce18.jpg, 0, 0, 1, 0
Marshy_Terrain-56-_jpg.rf.5654f3d740744f0248890decabcc3bf4.jpg, 0, 1, 0, 0
sandy_terrain-325-_jpg.rf.57586936906c46d4bf33fa1f25f6f198.jpg, 0, 0, 0, 1
Grassy_Terrain-304-_jpg.rf.559ed8c22579ad44214ea2bb8fcc64e4.jpg, 1, 0, 0, 0
s-380-_jpg.rf.5848dca5b630e6540ff513aa56b2361e.jpg, 0, 0, 1, 0
Marshy_Terrain-27-_jpg.rf.5800d8ce548242ad604de4806082ab92.jpg, 0, 1, 0, 0
s-292-_jpg.rf.57bd42cb95ca617eae24eccddf2c084a.jpg, 0, 0, 1, 0
Grassy_Terrain-273-_jpg.rf.588765af30a2fa8cbd204259eb3b0823.jpg, 1, 0, 0, 0
Grassy_Terrain-96-_jpg.rf.592fd2cef0dbdb5c41fc8a78d51171b3.jpg, 1, 0, 0, 0
sandy_terrain-81-_jpg.rf.576712ef0b3d2561488ad8da001dff52.jpg, 0, 0, 0, 1
Grassy_Terrain-60-_jpg.rf.589f2eb176098d2551231ff008c10ca2.jpg, 1, 0, 0, 0
s-161-_jpg.rf.586248479cce93570afafd5e097352a0.jpg, 0, 0, 1, 0
Marshy_Terrain-366-_jpg.rf.5608e39b1b80e65f9fe669a579e2a522.jpg, 0, 1, 0, 0
Grassy_Terrain-176-_jpg.rf.59832fbb412f537b9fc3a6ead87c41a5.jpg, 1, 0, 0, 0
s-100-_jpg.rf.55cf77274fa85002c6e247495f7e7204.jpg, 0, 0, 1, 0
sandy_terrain-184-_jpg.rf.56cccf0bd85580a7434b9733c8020dd1.jpg, 0, 0, 0, 1
sandy_terrain-211-_jpg.rf.57c942e94a2b9613b2f1d49df5ba6391.jpg, 0, 0, 0, 1
sandy_terrain-239-_jpg.rf.5935eba7e20d3bd477b64c83cdcf78fa.jpg, 0, 0, 0, 1
sandy_terrain-121-_jpg.rf.55ff7e1591006fae3da780a1778df0f9.jpg, 0, 0, 0, 1
Grassy_Terrain-7-_jpg.rf.57333871df6d68ffc1b038a2766f5e45.jpg, 1, 0, 0, 0
Grassy_Terrain-193-_jpg.rf.59166820bd05b0943674ff02d79d246b.jpg, 1, 0, 0, 0
sandy_terrain-265-_jpg.rf.59c0399ddc465adb3b0716dd89195d92.jpg, 0, 0, 0, 1
Marshy_Terrain-43-_jpg.rf.59a50f9e2f1bd4e21890de5faf1abb9c.jpg, 0, 1, 0, 0
Marshy_Terrain-350-_jpg.rf.564f25a491dff1936d24eca9e5663677.jpg, 0, 1, 0, 0
Grassy_Terrain-53-_jpg.rf.5912c9bbe846968334268ed1d5ca8fb9.jpg, 1, 0, 0, 0
sandy_terrain-285-_jpg.rf.57e7742c5cd532c341b5f4efef80a47b.jpg, 0, 0, 0, 1
Grassy_Terrain-261-_jpg.rf.5b1e86764bd72c247c8ab8195c74a5fa.jpg, 1, 0, 0, 0
Marshy_Terrain-206-_jpg.rf.5bc850f492fdd61533eded457732eddb.jpg, 0, 1, 0, 0
sandy_terrain-271-_jpg.rf.5ac534be83eaf06ac07a2076055e6004.jpg, 0, 0, 0, 1
s-113-_jpg.rf.5ae5b64dd761a6f7874c39be7d63b8a7.jpg, 0, 0, 1, 0
s-154-_jpg.rf.5bf82145cc897f31f19a2f00739c79a8.jpg, 0, 0, 1, 0
sandy_terrain-317-_jpg.rf.5b3d877c3e22e721e57d3a2c6a9e065e.jpg, 0, 0, 0, 1
Grassy_Terrain-21-_jpg.rf.5bcce3ecf7d6758643815b6343e68839.jpg, 1, 0, 0, 0
Grassy_Terrain-61-_jpg.rf.5a73dd701a66606082d5ed8aadf812d2.jpg, 1, 0, 0, 0
Marshy_Terrain-309-_jpg.rf.5abf4a7df0218bc4d0f58eadcd18e0d5.jpg, 0, 1, 0, 0
Marshy_Terrain-385-_jpg.rf.5c8e36fabeb6c11ad81f4b1e2f2ad5d1.jpg, 0, 1, 0, 0
Marshy_Terrain-17-_jpg.rf.5e4a32497d88dcc2a443b34e75c59d32.jpg, 0, 1, 0, 0
s-311-_jpg.rf.5d30bd2aba49e50a93918b66b301942c.jpg, 0, 0, 1, 0
Grassy_Terrain-241-_jpg.rf.5ca88286ed01dd863fec42aa3c6d2468.jpg, 1, 0, 0, 0
sandy_terrain-264-_jpg.rf.5ce65128795cb1ca52b8e83157b2ee61.jpg, 0, 0, 0, 1
Grassy_Terrain-245-_jpg.rf.5e44246d5a88da3765398d4f0c5630c9.jpg, 1, 0, 0, 0
s-158-_jpg.rf.5e3a4999a78c295003902d6627386e87.jpg, 0, 0, 1, 0
s-295-_jpg.rf.5ba0195f64ad847c98cbb0268048c36b.jpg, 0, 0, 1, 0
Marshy_Terrain-373-_jpg.rf.5c81ba9a6c3f3627838b6afbcae2a73b.jpg, 0, 1, 0, 0
sandy_terrain-151-_jpg.rf.5de9e8aa02531ac1f71b3d34eca5228f.jpg, 0, 0, 0, 1
Grassy_Terrain-167-_jpg.rf.5d0e0b1593ea4213e9f9b17020d8a7ad.jpg, 1, 0, 0, 0
Marshy_Terrain-291-_jpg.rf.5cffad457a3726b21da3d8c6e8ce129d.jpg, 0, 1, 0, 0
sandy_terrain-244-_jpg.rf.5b6278b3fd55227d7a4746ee2a8d9513.jpg, 0, 0, 0, 1
sandy_terrain-124-_jpg.rf.5ce8dd0f6fe4379ec7e11846890a16a1.jpg, 0, 0, 0, 1
Marshy_Terrain-393-_jpg.rf.5c68049823d9ddd47306542f52e2e5c7.jpg, 0, 1, 0, 0
sandy_terrain-343-_jpg.rf.5e3a6e8ace780a5c23b5f9d7ab8bde78.jpg, 0, 0, 0, 1
sandy_terrain-177-_jpg.rf.5f055b2e3c9e2537d5ccf2fbacf94758.jpg, 0, 0, 0, 1
Marshy_Terrain-193-_jpg.rf.5f44880208acbc0638d9ea49228b277a.jpg, 0, 1, 0, 0
sandy_terrain-40-_jpg.rf.614fccee79fdd93e880c901153660a66.jpg, 0, 0, 0, 1
Marshy_Terrain-63-_jpg.rf.5fbfb667c9ef78243d3e99d54f69ab03.jpg, 0, 1, 0, 0
Grassy_Terrain-199-_jpg.rf.5f89c6859ac1182ae191ca0f0f62f73b.jpg, 1, 0, 0, 0
Marshy_Terrain-269-_jpg.rf.6054be2c67941450b9fe8d2f3b62cbd6.jpg, 0, 1, 0, 0
Marshy_Terrain-78-_jpg.rf.5ff895f31454cad961f06d7b7cf1ae28.jpg, 0, 1, 0, 0
Grassy_Terrain-144-_jpg.rf.5ee0068ca7fa350fec1c44a04a62bf80.jpg, 1, 0, 0, 0
Marshy_Terrain-308-_jpg.rf.5ff0ff340d199513accf9dea54d99cb3.jpg, 0, 1, 0, 0
sandy_terrain-53-_jpg.rf.5feec5bb28d2c928d5cfee222b55af4e.jpg, 0, 0, 0, 1
s-152-_jpg.rf.607312391ca06317bea6f2e71d4e7e2d.jpg, 0, 0, 1, 0
Marshy_Terrain-129-_jpg.rf.5f24a9d175a574bb6c663f8ebf473855.jpg, 0, 1, 0, 0
sandy_terrain-62-_jpg.rf.60562b0b40ebf781c65396b083847dd8.jpg, 0, 0, 0, 1
sandy_terrain-356-_jpg.rf.5f7e4674d42ca9e88d6135ea45377ede.jpg, 0, 0, 0, 1
Grassy_Terrain-269-_jpg.rf.609171804adb6ea643dfaad8ddb5ef1c.jpg, 1, 0, 0, 0
Marshy_Terrain-104-_jpg.rf.5f28296130532b0f1fe9d26d0d6ca6c5.jpg, 0, 1, 0, 0